vhi,cas,erf,ingredient_risk,allergen_count,ingredient_count,ingredients,target
0.4128028608767108,0.7000902391612915,0.706924237606067,0.1285714285714286,2,5,"wheat flour, sugar, salt, soy lecithin, flavor",2
0.3656076887647827,0.5755680806334571,0.4304266296844119,0.09285714285714287,2,4,"almond paste, sugar, cocoa butter, milk solids",2
0.7582916354753091,0.7055583870857898,0.5145267534634675,0.09285714285714287,2,4,"almond paste, sugar, cocoa butter, milk solids",1
0.6841516816053682,0.3781415074233524,0.5811251724981498,0.31428571428571433,1,4,"unpasteurized cream, egg powder, sulfite, artificial flavor",2
0.5910133360224744,0.5130275272909479,0.3501955002311329,0.09285714285714287,2,4,"almond paste, sugar, cocoa butter, milk solids",1
0.5721846932276156,0.4643344355673786,0.42253061889258947,0.09285714285714287,2,4,"almond paste, sugar, cocoa butter, milk solids",2
0.6742918700872779,0.6361642006015766,0.9711624721915015,0.31428571428571433,1,4,"unpasteurized cream, egg powder, sulfite, artificial flavor",2
0.5077963087671232,0.38724545435042446,0.635515472966609,0.1285714285714286,2,5,"wheat flour, sugar, salt, soy lecithin, flavor",2
0.44877183414674493,0.38510375686175213,0.6431304133214343,0.31428571428571433,1,4,"unpasteurized cream, egg powder, sulfite, artificial flavor",2
0.697767768294935,0.41689805854226114,0.5510754910746783,0.4142857142857143,1,4,"raw milk, sugar syrup, preservative benzoate, color",2
0.7568571800306741,0.5947191097549365,0.6493609838758169,0.08333333333333333,3,4,"wheat gluten, soybean oil, stabilizer, emulsifier",2
0.6520414917641971,0.6762576451677081,0.17942571963175336,0.10833333333333335,0,4,"rice flour, palm oil, salt, spice",0
0.4850019873161984,0.4949715497546633,0.8288870884715671,0.1125,3,4,"corn flour, peanut oil, whey milk powder, salt",2
0.7742901038264665,0.2134260456768391,0.4263252934031295,0.31428571428571433,1,4,"unpasteurized cream, egg powder, sulfite, artificial flavor",2
0.7280207843627139,0.7086694470399851,0.42328048410534375,0.1125,3,4,"corn flour, peanut oil, whey milk powder, salt",1
0.7544356586262877,0.5117391350236771,0.21934900886565717,0.1125,3,4,"corn flour, peanut oil, whey milk powder, salt",0
0.6894889339296775,0.578485147214113,0.651906777894909,0.09285714285714287,2,4,"almond paste, sugar, cocoa butter, milk solids",1
0.6285371443938086,0.6751180787934674,0.43194376126154754,0.1285714285714286,2,5,"wheat flour, sugar, salt, soy lecithin, flavor",1
0.534650307618287,0.47365242120033424,0.2369152779704113,0.10833333333333335,0,4,"rice flour, palm oil, salt, spice",0
0.5155075787635097,0.5524988237455375,0.6057642649593,0.4142857142857143,1,4,"raw milk, sugar syrup, preservative benzoate, color",2
0.5822726127883038,0.4653403375911693,0.4824619936005922,0.31428571428571433,1,4,"unpasteurized cream, egg powder, sulfite, artificial flavor",1
0.3395197549638443,0.28546007752911956,0.280605697927674,0.31428571428571433,1,4,"unpasteurized cream, egg powder, sulfite, artificial flavor",2
0.5319307402729099,0.8098456595572132,0.4216219263664863,0.31428571428571433,1,4,"unpasteurized cream, egg powder, sulfite, artificial flavor",2
0.4319488175982221,0.5089124884264741,0.2909951479196721,0.23333333333333336,2,3,"fish extract, sesame oil, nitrate preservative",2
0.28908232382537724,0.6368847287091715,0.5523018325131012,0.4142857142857143,1,4,"raw milk, sugar syrup, preservative benzoate, color",2
0.3397095862100782,0.564425901542774,0.38351160400596346,0.31428571428571433,1,4,"unpasteurized cream, egg powder, sulfite, artificial flavor",2
0.8883202004377648,0.5021288745053952,0.2748305516231897,0.10833333333333335,0,4,"rice flour, palm oil, salt, spice",0
0.6395994031149177,0.8218375150480874,0.6837244741012073,0.23333333333333336,2,3,"fish extract, sesame oil, nitrate preservative",2
0.38602265022188686,0.4220496934500505,0.2961532928907845,0.23333333333333336,2,3,"fish extract, sesame oil, nitrate preservative",2
0.35219649343986437,0.677030189362881,0.45111100663826986,0.1285714285714286,2,5,"wheat flour, sugar, salt, soy lecithin, flavor",1
0.6564324925410351,0.7176253135788763,0.939280796172193,0.31428571428571433,1,4,"unpasteurized cream, egg powder, sulfite, artificial flavor",2
0.6745936979896794,0.3520923759936272,0.03094981823911197,0.31428571428571433,1,4,"unpasteurized cream, egg powder, sulfite, artificial flavor",1
0.5252356931676566,0.42758064018803843,0.46902600498839525,0.08333333333333333,3,4,"wheat gluten, soybean oil, stabilizer, emulsifier",2
0.628268742140162,0.5182730325922624,0.2721561743783214,0.10833333333333335,0,4,"rice flour, palm oil, salt, spice",0
0.5903191408527023,0.9035859827159767,0.5286603947240349,0.23333333333333336,2,3,"fish extract, sesame oil, nitrate preservative",2
0.5101267922629527,0.3130112467165951,0.2876743123088782,0.23333333333333336,2,3,"fish extract, sesame oil, nitrate preservative",1
0.4521503977396105,0.7176978407472691,0.3013560208208542,0.1125,3,4,"corn flour, peanut oil, whey milk powder, salt",2
0.6692911738990553,0.5186724204683819,0.49103224425020453,0.10833333333333335,0,4,"rice flour, palm oil, salt, spice",0
0.5181029735386595,0.3048788472465504,0.21885373364968375,0.4142857142857143,1,4,"raw milk, sugar syrup, preservative benzoate, color",2
0.8842364261538782,0.5819983227146877,0.47389956825582585,0.4142857142857143,1,4,"raw milk, sugar syrup, preservative benzoate, color",2
0.6394888502454941,0.4678145538332526,0.7433835162131756,0.31428571428571433,1,4,"unpasteurized cream, egg powder, sulfite, artificial flavor",2
0.8764360785592785,0.5866468874443813,0.23061681302148995,0.10833333333333335,0,4,"rice flour, palm oil, salt, spice",0
0.9102598297409934,0.5140961573434799,0.4156987893500827,0.1285714285714286,2,5,"wheat flour, sugar, salt, soy lecithin, flavor",1
0.4007317772321721,0.37105459620883474,0.6415318948315898,0.1285714285714286,2,5,"wheat flour, sugar, salt, soy lecithin, flavor",2
0.5705802782655878,0.6175149097597867,0.8096460094890177,0.31428571428571433,1,4,"unpasteurized cream, egg powder, sulfite, artificial flavor",2
0.7159089827898344,0.13996557979379554,0.4892819515753741,0.1125,3,4,"corn flour, peanut oil, whey milk powder, salt",2
0.4419325739528248,0.48317531185983764,0.701498559318323,0.09285714285714287,2,4,"almond paste, sugar, cocoa butter, milk solids",2
0.6055136686669951,0.4531661133332843,0.42791191924036864,0.1125,3,4,"corn flour, peanut oil, whey milk powder, salt",2
0.8407316593396938,0.5190988641500199,0.34689262543244537,0.1125,3,4,"corn flour, peanut oil, whey milk powder, salt",1
0.6436494224288198,0.5853146716907422,0.26143462410865936,0.23333333333333336,2,3,"fish extract, sesame oil, nitrate preservative",1
1.0,0.9253689222563342,0.3122864628770596,0.23333333333333336,2,3,"fish extract, sesame oil, nitrate preservative",0
0.3365804396693394,0.43185859720730274,0.569433100789875,0.31428571428571433,1,4,"unpasteurized cream, egg powder, sulfite, artificial flavor",2
0.4822536407877966,0.12054219405226907,0.4642134974801203,0.10833333333333335,0,4,"rice flour, palm oil, salt, spice",1
0.5047009030741068,0.3746278443664824,0.47926223806443746,0.09285714285714287,2,4,"almond paste, sugar, cocoa butter, milk solids",1
0.9832644801650936,0.2925154837451938,0.2587071727399793,0.10833333333333335,0,4,"rice flour, palm oil, salt, spice",0
1.0,0.3156866742349317,0.4189852295066333,0.31428571428571433,1,4,"unpasteurized cream, egg powder, sulfite, artificial flavor",1
0.4223657258829172,0.5009444308115781,0.6710142667335837,0.4142857142857143,1,4,"raw milk, sugar syrup, preservative benzoate, color",2
0.5322919071785821,0.5232354070967918,0.197522922158604,0.09285714285714287,2,4,"almond paste, sugar, cocoa butter, milk solids",1
0.641790580132726,0.4389345562361968,0.6037384749599306,0.23333333333333336,2,3,"fish extract, sesame oil, nitrate preservative",2
0.6279772789803238,0.6203512816798408,0.5116941764671308,0.1285714285714286,2,5,"wheat flour, sugar, salt, soy lecithin, flavor",1
0.6569689671011955,0.5305426803173021,0.9604970279647309,0.09285714285714287,2,4,"almond paste, sugar, cocoa butter, milk solids",2
0.6694523794601701,0.39738855806104656,0.25526947616364803,0.09285714285714287,2,4,"almond paste, sugar, cocoa butter, milk solids",1
0.68642581261049,0.20108280260516148,0.7040364659427998,0.1285714285714286,2,5,"wheat flour, sugar, salt, soy lecithin, flavor",2
0.4001224768053939,0.45569503851001025,0.5580177849584343,0.1285714285714286,2,5,"wheat flour, sugar, salt, soy lecithin, flavor",2
0.581372111748127,0.49960452435862296,0.5335637526625431,0.1125,3,4,"corn flour, peanut oil, whey milk powder, salt",2
0.13800148063236645,0.5026299470980632,0.5388327327019383,0.09285714285714287,2,4,"almond paste, sugar, cocoa butter, milk solids",2
0.2837900791538551,0.615599096742822,0.8800170471161207,0.1285714285714286,2,5,"wheat flour, sugar, salt, soy lecithin, flavor",2
0.7554890424656738,0.4842949553754213,0.4865086439176536,0.4142857142857143,1,4,"raw milk, sugar syrup, preservative benzoate, color",2
0.8340080270458126,0.6665310483975415,0.8811085531901877,0.4142857142857143,1,4,"raw milk, sugar syrup, preservative benzoate, color",2
0.6790356022073237,0.8987869052335584,0.5965784949224258,0.10833333333333335,0,4,"rice flour, palm oil, salt, spice",1
0.6119782468546568,0.41051523533994466,0.7177084656108677,0.1125,3,4,"corn flour, peanut oil, whey milk powder, salt",2
0.740823061635179,0.5118697884989681,0.7576743605628102,0.1125,3,4,"corn flour, peanut oil, whey milk powder, salt",2
0.731539444404956,0.23559194886935186,0.4852703019623958,0.1125,3,4,"corn flour, peanut oil, whey milk powder, salt",1
0.5067096283740705,0.8522456866553444,0.6402574383974932,0.23333333333333336,2,3,"fish extract, sesame oil, nitrate preservative",2
0.6059007767177269,0.30668797012377447,0.35234913897275216,0.08333333333333333,3,4,"wheat gluten, soybean oil, stabilizer, emulsifier",2
0.8079561664992053,0.671752294444888,0.0,0.08333333333333333,3,4,"wheat gluten, soybean oil, stabilizer, emulsifier",0
0.6745002513670847,0.8732419363302415,0.04608757910295658,0.23333333333333336,2,3,"fish extract, sesame oil, nitrate preservative",0
0.7063631381028038,0.23368112010921155,0.824708790571772,0.09285714285714287,2,4,"almond paste, sugar, cocoa butter, milk solids",2
0.497230140926077,0.7127527379932421,0.7350637423175884,0.23333333333333336,2,3,"fish extract, sesame oil, nitrate preservative",2
0.6421921606857652,0.6040686478563452,0.31006404175733604,0.31428571428571433,1,4,"unpasteurized cream, egg powder, sulfite, artificial flavor",1
0.6690108955836291,0.749964849382059,0.26712206196474997,0.10833333333333335,0,4,"rice flour, palm oil, salt, spice",0
0.8666619985786151,0.4012823542374872,0.31910499619612953,0.4142857142857143,1,4,"raw milk, sugar syrup, preservative benzoate, color",1
0.6020566900009187,0.8157921180873979,0.6884946761646359,0.1125,3,4,"corn flour, peanut oil, whey milk powder, salt",2
0.6997409702383368,1.0,0.4548644284494703,0.31428571428571433,1,4,"unpasteurized cream, egg powder, sulfite, artificial flavor",0
0.5176141024277714,0.5715760888686067,0.7881011506693159,0.31428571428571433,1,4,"unpasteurized cream, egg powder, sulfite, artificial flavor",2
0.3747035014608949,0.2297444125762293,0.3252900161944068,0.1125,3,4,"corn flour, peanut oil, whey milk powder, salt",2
0.6497293522791396,0.26744682322152674,0.0,0.1125,3,4,"corn flour, peanut oil, whey milk powder, salt",1
0.5150803139450996,0.6418771543433224,0.6544297977686795,0.08333333333333333,3,4,"wheat gluten, soybean oil, stabilizer, emulsifier",2
0.6412580473407123,0.6560129411202934,0.34497188216862584,0.1125,3,4,"corn flour, peanut oil, whey milk powder, salt",1
0.6354196973982523,0.7141056950834839,0.4133769421105941,0.1285714285714286,2,5,"wheat flour, sugar, salt, soy lecithin, flavor",1
0.5788424098809365,0.7159038084048146,0.06152671836808571,0.08333333333333333,3,4,"wheat gluten, soybean oil, stabilizer, emulsifier",0
0.33320662846029225,0.08327677603033906,0.35078182316586115,0.1285714285714286,2,5,"wheat flour, sugar, salt, soy lecithin, flavor",2
0.6356022147495334,0.7678434993421586,0.7920909490988921,0.08333333333333333,3,4,"wheat gluten, soybean oil, stabilizer, emulsifier",2
0.8436454601224914,0.5684253316868219,0.3157723907579584,0.08333333333333333,3,4,"wheat gluten, soybean oil, stabilizer, emulsifier",0
0.4401359063279425,0.4783966623851142,0.6767887042632923,0.09285714285714287,2,4,"almond paste, sugar, cocoa butter, milk solids",2
0.35120732723213277,0.6285654936519838,0.27108033338534243,0.23333333333333336,2,3,"fish extract, sesame oil, nitrate preservative",2
0.2704369513474445,0.735659398313697,0.36689984318207913,0.4142857142857143,1,4,"raw milk, sugar syrup, preservative benzoate, color",2
0.40744456596785583,0.4191433446624889,0.5941358969528818,0.08333333333333333,3,4,"wheat gluten, soybean oil, stabilizer, emulsifier",2
0.6651459337071919,0.8141323311056334,0.42458704680983655,0.09285714285714287,2,4,"almond paste, sugar, cocoa butter, milk solids",0
0.7921000349829569,0.48370236558054913,0.745210337807023,0.1125,3,4,"corn flour, peanut oil, whey milk powder, salt",2
0.6627796609283331,0.94020251202526,0.9569357163918257,0.31428571428571433,1,4,"unpasteurized cream, egg powder, sulfite, artificial flavor",2
0.6288343067970735,0.7652480314932771,0.31395457279118366,0.1125,3,4,"corn flour, peanut oil, whey milk powder, salt",1
0.6565034780623596,0.38332623881011885,0.15029515147202682,0.31428571428571433,1,4,"unpasteurized cream, egg powder, sulfite, artificial flavor",0
0.3988708596618706,0.45826494301213344,0.4354978509372724,0.23333333333333336,2,3,"fish extract, sesame oil, nitrate preservative",2
0.4268235990585071,0.6195416904901915,0.4104427880029285,0.4142857142857143,1,4,"raw milk, sugar syrup, preservative benzoate, color",2
0.6333586168947687,0.6738342233950787,0.42536313354551664,0.4142857142857143,1,4,"raw milk, sugar syrup, preservative benzoate, color",2
0.6011410312252083,1.0,0.5490775433775605,0.4142857142857143,1,4,"raw milk, sugar syrup, preservative benzoate, color",2
0.6164736320711774,0.6661554190659594,0.4875076972336079,0.31428571428571433,1,4,"unpasteurized cream, egg powder, sulfite, artificial flavor",2
0.6774542446123596,0.3796925621628464,0.6464287519889544,0.10833333333333335,0,4,"rice flour, palm oil, salt, spice",2
0.6659756533027014,0.4927502532888617,0.5998724274479131,0.09285714285714287,2,4,"almond paste, sugar, cocoa butter, milk solids",2
0.2703469048412777,0.4828785263762708,0.06202136107272049,0.23333333333333336,2,3,"fish extract, sesame oil, nitrate preservative",1
0.8454952013665037,0.7290369963943373,0.3417143486773461,0.10833333333333335,0,4,"rice flour, palm oil, salt, spice",0
0.5021708085721257,1.0,0.5956745397220025,0.1125,3,4,"corn flour, peanut oil, whey milk powder, salt",1
0.6837144377100551,0.23780832940111146,0.4345888602065202,0.10833333333333335,0,4,"rice flour, palm oil, salt, spice",1
0.7423451019042144,0.6189290452472105,0.6470317239837593,0.10833333333333335,0,4,"rice flour, palm oil, salt, spice",1
0.7616067735138986,0.8757873895247983,0.2865671056766892,0.1285714285714286,2,5,"wheat flour, sugar, salt, soy lecithin, flavor",0
0.5655580823948891,0.8307642784133115,0.40264214338371956,0.09285714285714287,2,4,"almond paste, sugar, cocoa butter, milk solids",1
0.6236674470249813,0.6016457646645391,0.844237964767379,0.08333333333333333,3,4,"wheat gluten, soybean oil, stabilizer, emulsifier",2
0.5192584425548962,0.6404667901286278,0.15553300412028687,0.10833333333333335,0,4,"rice flour, palm oil, salt, spice",0
0.5030211628288062,0.7795625321467128,0.0,0.4142857142857143,1,4,"raw milk, sugar syrup, preservative benzoate, color",0
0.45127869605448856,0.5995331802217887,0.46057014240105393,0.10833333333333335,0,4,"rice flour, palm oil, salt, spice",1
0.5713467231515891,0.5906776481239887,0.27812207077251627,0.4142857142857143,1,4,"raw milk, sugar syrup, preservative benzoate, color",2
0.6693068287780981,0.6613066885502527,0.5652119601779051,0.08333333333333333,3,4,"wheat gluten, soybean oil, stabilizer, emulsifier",2
0.5843230492105482,0.4885833563330847,0.33422393232137687,0.10833333333333335,0,4,"rice flour, palm oil, salt, spice",0
0.44001648361843465,0.5358639236695858,0.5735449282694972,0.31428571428571433,1,4,"unpasteurized cream, egg powder, sulfite, artificial flavor",2
0.4622036500626516,0.7300369128039927,0.6626707879062085,0.10833333333333335,0,4,"rice flour, palm oil, salt, spice",1
0.6987170257493639,0.5875947174972209,0.18141200292868953,0.1125,3,4,"corn flour, peanut oil, whey milk powder, salt",1
0.6471664461733886,0.37006104270244927,0.5417655464242375,0.08333333333333333,3,4,"wheat gluten, soybean oil, stabilizer, emulsifier",1
0.8246309973106977,0.4994965331394071,0.5799599543245961,0.09285714285714287,2,4,"almond paste, sugar, cocoa butter, milk solids",0
0.3918574211522401,0.49124421596957407,0.264130735286091,0.1125,3,4,"corn flour, peanut oil, whey milk powder, salt",2
0.38820935050272565,0.3825073191829615,0.5517986410281847,0.1125,3,4,"corn flour, peanut oil, whey milk powder, salt",2
0.37997262374281743,0.5998072244613885,0.9006857471788839,0.23333333333333336,2,3,"fish extract, sesame oil, nitrate preservative",2
0.5237508108370491,0.4458823174289178,0.6787722833058019,0.10833333333333335,0,4,"rice flour, palm oil, salt, spice",2
0.2805068292644169,0.6530820805801623,0.3729414447817569,0.1285714285714286,2,5,"wheat flour, sugar, salt, soy lecithin, flavor",2
0.48540924904159755,0.6582263221609064,0.6678438261141261,0.4142857142857143,1,4,"raw milk, sugar syrup, preservative benzoate, color",2
0.29659248287073453,0.6576068879856503,0.2724522286316322,0.1125,3,4,"corn flour, peanut oil, whey milk powder, salt",2
0.6803379865577515,0.3886802191385255,0.21782037694268525,0.09285714285714287,2,4,"almond paste, sugar, cocoa butter, milk solids",1
0.6434960139018152,0.42720463972142064,0.8192593467846341,0.23333333333333336,2,3,"fish extract, sesame oil, nitrate preservative",2
0.6484044205821482,0.4260668131742773,0.6036499845479845,0.31428571428571433,1,4,"unpasteurized cream, egg powder, sulfite, artificial flavor",2
0.5259051020010823,0.8225285279606682,0.2710710684472647,0.1285714285714286,2,5,"wheat flour, sugar, salt, soy lecithin, flavor",0
1.0,0.4689461469101337,0.07389563106355923,0.1125,3,4,"corn flour, peanut oil, whey milk powder, salt",0
0.5484798690286795,0.5120152317955486,0.25505463077719337,0.10833333333333335,0,4,"rice flour, palm oil, salt, spice",0
0.3310069884325248,0.6898393463389776,0.951590696028096,0.23333333333333336,2,3,"fish extract, sesame oil, nitrate preservative",2
0.5392814708276689,0.5215993571184958,0.6353564887330835,0.10833333333333335,0,4,"rice flour, palm oil, salt, spice",1
0.5297164890966941,0.9195650025912092,0.46168199856290926,0.1285714285714286,2,5,"wheat flour, sugar, salt, soy lecithin, flavor",2
0.4013266743992387,0.6674518333605585,0.5702680580340703,0.31428571428571433,1,4,"unpasteurized cream, egg powder, sulfite, artificial flavor",2
0.818253390629688,0.4852416591426799,0.12776821718265208,0.08333333333333333,3,4,"wheat gluten, soybean oil, stabilizer, emulsifier",0
0.43756384293734774,0.4815318122672236,0.48205069066927336,0.23333333333333336,2,3,"fish extract, sesame oil, nitrate preservative",2
0.6867720303945946,0.445456260766064,0.0,0.1125,3,4,"corn flour, peanut oil, whey milk powder, salt",1
0.6490265559493631,0.40722503519270326,0.21029735356718687,0.10833333333333335,0,4,"rice flour, palm oil, salt, spice",0
1.0,0.6340377197449876,0.5852946910776433,0.4142857142857143,1,4,"raw milk, sugar syrup, preservative benzoate, color",2
0.7470196560961424,0.6750170402496308,0.7753795018843429,0.4142857142857143,1,4,"raw milk, sugar syrup, preservative benzoate, color",2
0.5098479055015299,0.4629185054112076,0.39459730239936436,0.10833333333333335,0,4,"rice flour, palm oil, salt, spice",1
0.8697073992534117,0.4582319013701399,0.40654977988551994,0.09285714285714287,2,4,"almond paste, sugar, cocoa butter, milk solids",1
0.7713696575651802,0.09964454187619065,0.3181248896782832,0.08333333333333333,3,4,"wheat gluten, soybean oil, stabilizer, emulsifier",1
0.1823359177704939,0.35727231112623925,0.29866565451389626,0.31428571428571433,1,4,"unpasteurized cream, egg powder, sulfite, artificial flavor",2
0.5558890827856735,0.3438372559457693,0.4874700009330236,0.09285714285714287,2,4,"almond paste, sugar, cocoa butter, milk solids",2
0.4243274130993171,0.3678850232157103,0.6228807710403291,0.10833333333333335,0,4,"rice flour, palm oil, salt, spice",2
0.5975435774768466,0.6903327296179135,0.272282814911059,0.4142857142857143,1,4,"raw milk, sugar syrup, preservative benzoate, color",1
0.5620757974146318,0.3068218151791739,0.15603485146888857,0.31428571428571433,1,4,"unpasteurized cream, egg powder, sulfite, artificial flavor",2
0.41598954930348064,0.5307642126153336,0.7481641486168465,0.1125,3,4,"corn flour, peanut oil, whey milk powder, salt",2
0.33060503581740125,0.3654227116209465,0.8214593506784724,0.09285714285714287,2,4,"almond paste, sugar, cocoa butter, milk solids",2
0.39477103455727847,0.32609282494589475,0.5985190176789963,0.4142857142857143,1,4,"raw milk, sugar syrup, preservative benzoate, color",2
0.6987729873955427,0.5124658018143096,0.561191619820018,0.08333333333333333,3,4,"wheat gluten, soybean oil, stabilizer, emulsifier",2
0.7452614907500047,0.22602560112164605,0.005600917825011764,0.08333333333333333,3,4,"wheat gluten, soybean oil, stabilizer, emulsifier",1
0.8137905167871485,0.34587539609733253,0.09083621055996172,0.4142857142857143,1,4,"raw milk, sugar syrup, preservative benzoate, color",1
0.9235670140381766,0.6532595144202903,0.4182223267511471,0.10833333333333335,0,4,"rice flour, palm oil, salt, spice",0
0.6020612325007177,0.49014705922294877,0.2766850607396605,0.09285714285714287,2,4,"almond paste, sugar, cocoa butter, milk solids",2
0.8044887630399771,0.3658299204381745,0.6881042513454013,0.08333333333333333,3,4,"wheat gluten, soybean oil, stabilizer, emulsifier",2
0.6796582123567295,0.7999330534087554,0.639781651429481,0.08333333333333333,3,4,"wheat gluten, soybean oil, stabilizer, emulsifier",2
0.661342453440379,0.19327777405716334,0.5183966370303226,0.09285714285714287,2,4,"almond paste, sugar, cocoa butter, milk solids",2
0.3696286276247963,0.8863633238601649,0.8803789749948547,0.1285714285714286,2,5,"wheat flour, sugar, salt, soy lecithin, flavor",2
0.8431125217714782,0.5524106361203651,0.5446154009175115,0.1285714285714286,2,5,"wheat flour, sugar, salt, soy lecithin, flavor",1
0.6714584348097912,0.5620771856848835,0.21341653429641783,0.08333333333333333,3,4,"wheat gluten, soybean oil, stabilizer, emulsifier",1
0.9235610099960352,0.728842665702682,0.5025179966001225,0.08333333333333333,3,4,"wheat gluten, soybean oil, stabilizer, emulsifier",1
0.6079582280587557,0.5094172030408906,0.26186601657457687,0.1285714285714286,2,5,"wheat flour, sugar, salt, soy lecithin, flavor",1
0.37494320299383366,0.6522443629095069,0.5860782251853117,0.23333333333333336,2,3,"fish extract, sesame oil, nitrate preservative",2
0.5779167652508771,0.7491402771799848,0.7330292225571906,0.1285714285714286,2,5,"wheat flour, sugar, salt, soy lecithin, flavor",2
0.4478918409655528,0.33326023452838793,0.5758130790450786,0.09285714285714287,2,4,"almond paste, sugar, cocoa butter, milk solids",2
0.8317196000889118,0.7699959300684167,0.47090969556314216,0.10833333333333335,0,4,"rice flour, palm oil, salt, spice",0
0.6391016150658944,0.5095833509221193,0.3728632962229157,0.4142857142857143,1,4,"raw milk, sugar syrup, preservative benzoate, color",2
0.5092876065460901,0.42438678325492524,0.5685196235467567,0.31428571428571433,1,4,"unpasteurized cream, egg powder, sulfite, artificial flavor",2
0.6491767241133821,0.3221141997816851,0.3941269527496093,0.4142857142857143,1,4,"raw milk, sugar syrup, preservative benzoate, color",2
0.39082568770782833,0.12666911020589383,0.09039406628664748,0.23333333333333336,2,3,"fish extract, sesame oil, nitrate preservative",2
0.5788300460234782,0.7928379657857003,0.0,0.23333333333333336,2,3,"fish extract, sesame oil, nitrate preservative",0
0.8810588763246432,0.32444384702165724,0.4164425674062231,0.31428571428571433,1,4,"unpasteurized cream, egg powder, sulfite, artificial flavor",1
0.5412728390958528,0.835497056736901,0.9042250686072545,0.09285714285714287,2,4,"almond paste, sugar, cocoa butter, milk solids",2
0.9429108385316045,0.5571152953969251,0.8858120258742379,0.09285714285714287,2,4,"almond paste, sugar, cocoa butter, milk solids",2
0.6657854050757102,1.0,0.6872828264658536,0.23333333333333336,2,3,"fish extract, sesame oil, nitrate preservative",1
0.7744196166496544,0.47763349258313176,0.39225495976173397,0.31428571428571433,1,4,"unpasteurized cream, egg powder, sulfite, artificial flavor",2
0.650143664612125,0.5527970443730585,0.5740482878531956,0.10833333333333335,0,4,"rice flour, palm oil, salt, spice",1
0.25134595211302524,0.6833145337219068,0.2839557276373339,0.31428571428571433,1,4,"unpasteurized cream, egg powder, sulfite, artificial flavor",1
0.6151165805966018,0.4112987670855439,0.6828270086869543,0.31428571428571433,1,4,"unpasteurized cream, egg powder, sulfite, artificial flavor",2
0.5267501252209393,0.43302517301339993,0.48975080052534536,0.09285714285714287,2,4,"almond paste, sugar, cocoa butter, milk solids",2
0.7303708819421211,0.56260047366694,0.08377182427137969,0.1285714285714286,2,5,"wheat flour, sugar, salt, soy lecithin, flavor",0
0.597782527272724,0.5058065364427292,0.4772475750135806,0.31428571428571433,1,4,"unpasteurized cream, egg powder, sulfite, artificial flavor",2
0.7705769297726939,0.3277790198164884,0.24216624956182514,0.09285714285714287,2,4,"almond paste, sugar, cocoa butter, milk solids",0
0.6520050000903672,0.7989894757292891,0.40510532358730766,0.08333333333333333,3,4,"wheat gluten, soybean oil, stabilizer, emulsifier",0
0.4500533898967179,0.4384542225009571,0.4101545020039602,0.09285714285714287,2,4,"almond paste, sugar, cocoa butter, milk solids",2
0.5438856604519595,0.7598679221086815,0.3512761927500989,0.09285714285714287,2,4,"almond paste, sugar, cocoa butter, milk solids",0
0.3235844274132985,0.6279383410640005,0.5225617004197787,0.23333333333333336,2,3,"fish extract, sesame oil, nitrate preservative",2
0.8858896992868672,0.42555851094105646,0.9532655975152973,0.10833333333333335,0,4,"rice flour, palm oil, salt, spice",2
0.6125855245790686,0.3347509599362464,0.33461371348103,0.23333333333333336,2,3,"fish extract, sesame oil, nitrate preservative",2
0.7000047759570225,0.42556645994914843,0.7172291319102082,0.1285714285714286,2,5,"wheat flour, sugar, salt, soy lecithin, flavor",2
0.426674694521996,0.6558826814251445,0.7999543166588536,0.1125,3,4,"corn flour, peanut oil, whey milk powder, salt",2
0.5427768212468768,0.37659894873531474,0.5262296894480263,0.09285714285714287,2,4,"almond paste, sugar, cocoa butter, milk solids",2
0.9387914784367288,0.5160560407159244,0.5910343097818471,0.10833333333333335,0,4,"rice flour, palm oil, salt, spice",0
0.6136283918322301,0.5512033360872144,0.5986312945140951,0.1125,3,4,"corn flour, peanut oil, whey milk powder, salt",2
0.65573161474365,0.6679093772071205,0.2468098079791753,0.09285714285714287,2,4,"almond paste, sugar, cocoa butter, milk solids",0
0.769252103679046,0.7231937276834307,0.5465541412149111,0.08333333333333333,3,4,"wheat gluten, soybean oil, stabilizer, emulsifier",2
0.8160551264866779,0.6078718313914223,0.42174637057437236,0.08333333333333333,3,4,"wheat gluten, soybean oil, stabilizer, emulsifier",1
0.07249301234650041,0.62657714727701,0.0,0.1125,3,4,"corn flour, peanut oil, whey milk powder, salt",1
0.6859552807080231,0.31751424397201394,0.34333755078663347,0.09285714285714287,2,4,"almond paste, sugar, cocoa butter, milk solids",2
0.5128745763169182,0.9985840624805971,0.49957763230120383,0.4142857142857143,1,4,"raw milk, sugar syrup, preservative benzoate, color",2
0.6235848809148155,0.3495312038618398,0.47585996062725616,0.09285714285714287,2,4,"almond paste, sugar, cocoa butter, milk solids",2
0.35434650260371825,0.49883358573183534,0.3367177393205639,0.4142857142857143,1,4,"raw milk, sugar syrup, preservative benzoate, color",2
0.5490967651534374,0.5287636138754848,0.5490868440493566,0.09285714285714287,2,4,"almond paste, sugar, cocoa butter, milk solids",2
0.4200517988395113,0.34168247347574565,0.7430294273885566,0.4142857142857143,1,4,"raw milk, sugar syrup, preservative benzoate, color",2
0.6798862876889589,0.6426739612065374,0.16324264340352457,0.23333333333333336,2,3,"fish extract, sesame oil, nitrate preservative",1
0.7324049566371073,0.6248772903412526,0.639035926427507,0.1125,3,4,"corn flour, peanut oil, whey milk powder, salt",1
0.5455284432953196,0.4534419682550711,0.6915222340723398,0.10833333333333335,0,4,"rice flour, palm oil, salt, spice",2
0.9229866098280646,0.8129615743011811,0.4758584800413596,0.08333333333333333,3,4,"wheat gluten, soybean oil, stabilizer, emulsifier",1
0.6218120308739031,0.576152837582309,0.68122568901276,0.4142857142857143,1,4,"raw milk, sugar syrup, preservative benzoate, color",2
0.46872835145274094,0.4671053868328283,0.6394602831014233,0.23333333333333336,2,3,"fish extract, sesame oil, nitrate preservative",2
0.7206142635963941,0.4750317074204781,0.6663745959985573,0.09285714285714287,2,4,"almond paste, sugar, cocoa butter, milk solids",2
0.3777336443559338,0.8384609582372489,0.38983615637347846,0.1285714285714286,2,5,"wheat flour, sugar, salt, soy lecithin, flavor",1
0.41621187107790203,0.5604346637315067,0.4397528887798278,0.09285714285714287,2,4,"almond paste, sugar, cocoa butter, milk solids",1
0.7115463537868462,0.6179750722385408,0.5695305315417429,0.4142857142857143,1,4,"raw milk, sugar syrup, preservative benzoate, color",2
0.22056839848006027,0.4771123495471078,0.020353785812315728,0.08333333333333333,3,4,"wheat gluten, soybean oil, stabilizer, emulsifier",1
0.5991660649996178,0.759106454957936,0.7612795663986466,0.1125,3,4,"corn flour, peanut oil, whey milk powder, salt",2
0.6873290002582328,0.44441647253513733,0.49969361668246326,0.31428571428571433,1,4,"unpasteurized cream, egg powder, sulfite, artificial flavor",2
0.4996011577219037,0.7111357278485002,0.6490283011123066,0.23333333333333336,2,3,"fish extract, sesame oil, nitrate preservative",2
0.7257419421668709,0.5703851774745315,0.3322888392339165,0.09285714285714287,2,4,"almond paste, sugar, cocoa butter, milk solids",0
0.5032207361574559,0.658518892658392,0.28976246317169246,0.1125,3,4,"corn flour, peanut oil, whey milk powder, salt",1
0.5632676548010072,0.5719295509148018,1.0,0.1285714285714286,2,5,"wheat flour, sugar, salt, soy lecithin, flavor",2
0.864962621968224,0.579968482797456,0.5904578219635119,0.23333333333333336,2,3,"fish extract, sesame oil, nitrate preservative",2
0.5723366812148368,0.8408100362914916,0.3995763482705611,0.31428571428571433,1,4,"unpasteurized cream, egg powder, sulfite, artificial flavor",2
0.48401391836165586,0.5379496307197427,0.2641682384961518,0.1125,3,4,"corn flour, peanut oil, whey milk powder, salt",1
0.5860758876322463,0.5106228602592181,0.2547842681250561,0.4142857142857143,1,4,"raw milk, sugar syrup, preservative benzoate, color",2
0.31329703325012503,0.36742440265623455,0.5498929301440098,0.09285714285714287,2,4,"almond paste, sugar, cocoa butter, milk solids",2
0.49441468468723787,0.8370600313290881,0.5536255456883625,0.31428571428571433,1,4,"unpasteurized cream, egg powder, sulfite, artificial flavor",2
0.6778670013107073,0.5623832967359919,0.524287059634688,0.1125,3,4,"corn flour, peanut oil, whey milk powder, salt",2
0.3221474635460253,0.6806489766562455,0.43912598018114307,0.31428571428571433,1,4,"unpasteurized cream, egg powder, sulfite, artificial flavor",2
0.6015310128101676,0.7089864505831256,0.5396800674658075,0.1285714285714286,2,5,"wheat flour, sugar, salt, soy lecithin, flavor",1
0.5879258826807701,0.8658371005963265,0.6088024641710277,0.1285714285714286,2,5,"wheat flour, sugar, salt, soy lecithin, flavor",2
0.823552799426486,0.7760198632809028,0.6351018189647772,0.08333333333333333,3,4,"wheat gluten, soybean oil, stabilizer, emulsifier",2
0.4024792185815321,0.6901446313719172,0.2017209263521581,0.10833333333333335,0,4,"rice flour, palm oil, salt, spice",0
0.8346417122054557,0.7180440325388395,0.8272276237308898,0.23333333333333336,2,3,"fish extract, sesame oil, nitrate preservative",2
0.5567213045273383,0.5704062594481148,0.5173775175948021,0.4142857142857143,1,4,"raw milk, sugar syrup, preservative benzoate, color",2
0.5349713234993798,0.6204068943605849,0.28250202712438666,0.31428571428571433,1,4,"unpasteurized cream, egg powder, sulfite, artificial flavor",1
0.46503359910878683,0.5028341275650294,0.45948133576665123,0.4142857142857143,1,4,"raw milk, sugar syrup, preservative benzoate, color",2
0.918841423608183,0.5303107995384241,0.4463428557609857,0.1285714285714286,2,5,"wheat flour, sugar, salt, soy lecithin, flavor",0
0.5526467835978565,0.41282946476467147,0.8039756705431154,0.10833333333333335,0,4,"rice flour, palm oil, salt, spice",2
0.8319199648772854,0.5623409268100736,0.5081901240127469,0.09285714285714287,2,4,"almond paste, sugar, cocoa butter, milk solids",1
0.9093831005489746,0.08607785464975637,0.05965993622349064,0.1125,3,4,"corn flour, peanut oil, whey milk powder, salt",0
0.6026150187487623,0.6880208849528026,0.6040791835660445,0.09285714285714287,2,4,"almond paste, sugar, cocoa butter, milk solids",1
0.7854351725674915,0.5868115662543132,0.7117846659471051,0.4142857142857143,1,4,"raw milk, sugar syrup, preservative benzoate, color",2
0.49893305517908093,0.689563367800001,0.5243348869673091,0.4142857142857143,1,4,"raw milk, sugar syrup, preservative benzoate, color",2
0.1588430168627844,0.2664631659680861,0.23884450619763858,0.08333333333333333,3,4,"wheat gluten, soybean oil, stabilizer, emulsifier",2
0.5541705294421145,0.24853487044539052,0.2832652328916182,0.08333333333333333,3,4,"wheat gluten, soybean oil, stabilizer, emulsifier",1
0.9243135505944864,0.4676501164630702,0.42001167613250423,0.31428571428571433,1,4,"unpasteurized cream, egg powder, sulfite, artificial flavor",1
0.25653652561945195,0.5266239627182953,0.28047256368631435,0.09285714285714287,2,4,"almond paste, sugar, cocoa butter, milk solids",1
0.4628445975041536,0.5797254190605662,0.5805661115124663,0.1285714285714286,2,5,"wheat flour, sugar, salt, soy lecithin, flavor",2
0.36231198285173327,0.7209371460271123,0.3239534267475929,0.09285714285714287,2,4,"almond paste, sugar, cocoa butter, milk solids",1
0.35225025016596934,0.4867604590837624,0.5803800232540288,0.10833333333333335,0,4,"rice flour, palm oil, salt, spice",2
0.5746221784600046,0.8563557781202107,0.7216523696170429,0.1285714285714286,2,5,"wheat flour, sugar, salt, soy lecithin, flavor",2
0.9480828273338736,0.9420969201566054,0.22984002621905059,0.31428571428571433,1,4,"unpasteurized cream, egg powder, sulfite, artificial flavor",0
0.8672853816120931,0.3383437898324726,0.20904095067583062,0.1285714285714286,2,5,"wheat flour, sugar, salt, soy lecithin, flavor",0
0.5815685928100026,0.41988727591888164,0.35167325842060804,0.1125,3,4,"corn flour, peanut oil, whey milk powder, salt",1
0.4416882668413903,1.0,0.565452435660822,0.4142857142857143,1,4,"raw milk, sugar syrup, preservative benzoate, color",2
0.5665277981065112,0.407289203725929,0.0,0.31428571428571433,1,4,"unpasteurized cream, egg powder, sulfite, artificial flavor",0
0.2740886376035289,0.10004324440967854,0.2370210256544174,0.4142857142857143,1,4,"raw milk, sugar syrup, preservative benzoate, color",2
0.8323014772178113,0.6321965153801751,0.672162941657335,0.08333333333333333,3,4,"wheat gluten, soybean oil, stabilizer, emulsifier",1
0.6943111717546807,0.6957428468148692,0.37313759570858757,0.09285714285714287,2,4,"almond paste, sugar, cocoa butter, milk solids",1
0.5010805281965851,0.325446313545801,0.23949176698238012,0.08333333333333333,3,4,"wheat gluten, soybean oil, stabilizer, emulsifier",1
0.6588617763820767,0.3914948339084171,0.5058487750917418,0.09285714285714287,2,4,"almond paste, sugar, cocoa butter, milk solids",2
0.8793384216220479,0.8053961664396088,0.2797158847935603,0.4142857142857143,1,4,"raw milk, sugar syrup, preservative benzoate, color",1
0.5044242291799713,0.7589745624908856,0.5149570577312396,0.4142857142857143,1,4,"raw milk, sugar syrup, preservative benzoate, color",2
0.5691183881610573,0.2381233529388782,0.7128058318854099,0.09285714285714287,2,4,"almond paste, sugar, cocoa butter, milk solids",2
0.4565560219265957,0.6103941485038543,0.3404138651582454,0.08333333333333333,3,4,"wheat gluten, soybean oil, stabilizer, emulsifier",1
0.5930631128681857,0.8979296083862024,0.39390885468535736,0.08333333333333333,3,4,"wheat gluten, soybean oil, stabilizer, emulsifier",1
0.6175344143324007,0.7091556019488467,0.40162531538741175,0.10833333333333335,0,4,"rice flour, palm oil, salt, spice",0
0.4495097193277583,0.6824163069163506,0.6430547812272401,0.1125,3,4,"corn flour, peanut oil, whey milk powder, salt",2
0.8766538177051759,0.8398689602472608,0.4175121682331902,0.10833333333333335,0,4,"rice flour, palm oil, salt, spice",0
0.60420395690062,0.4300501101762271,0.8564154680099312,0.08333333333333333,3,4,"wheat gluten, soybean oil, stabilizer, emulsifier",2
0.560754756941204,0.7887237143712754,0.022464609845009476,0.1125,3,4,"corn flour, peanut oil, whey milk powder, salt",0
0.6108843206611262,0.6000892600521521,0.20819285726991926,0.4142857142857143,1,4,"raw milk, sugar syrup, preservative benzoate, color",1
0.9606316938722415,0.7148399239591726,0.5373354399314186,0.31428571428571433,1,4,"unpasteurized cream, egg powder, sulfite, artificial flavor",1
0.2167443799439968,0.6015280841842322,0.6860062838660079,0.31428571428571433,1,4,"unpasteurized cream, egg powder, sulfite, artificial flavor",2
0.4809449593847731,0.31850707355331564,0.287622737142072,0.09285714285714287,2,4,"almond paste, sugar, cocoa butter, milk solids",1
0.1416897357318846,0.6728540876714129,0.6658481153854101,0.1125,3,4,"corn flour, peanut oil, whey milk powder, salt",2
0.15347246820278249,0.3507162747995221,0.7712384255025933,0.10833333333333335,0,4,"rice flour, palm oil, salt, spice",2
0.38759985987589335,0.7109140603169674,0.3514749305284385,0.4142857142857143,1,4,"raw milk, sugar syrup, preservative benzoate, color",2
0.7017828754504367,0.9172451679460041,0.4553527723914186,0.31428571428571433,1,4,"unpasteurized cream, egg powder, sulfite, artificial flavor",1
0.8142744413928739,0.39789823038572714,0.37663408390069597,0.1125,3,4,"corn flour, peanut oil, whey milk powder, salt",1
0.31868081783882707,0.5957540057857876,0.7128425800435023,0.31428571428571433,1,4,"unpasteurized cream, egg powder, sulfite, artificial flavor",2
0.5777143270206613,0.6984057805958982,0.0868424714875003,0.08333333333333333,3,4,"wheat gluten, soybean oil, stabilizer, emulsifier",0
0.7577778487346736,0.6040190868394574,0.5906337480678858,0.4142857142857143,1,4,"raw milk, sugar syrup, preservative benzoate, color",2
0.7184198418779723,1.0,0.45296299722009203,0.4142857142857143,1,4,"raw milk, sugar syrup, preservative benzoate, color",1
0.6770033516844839,0.637798205877779,0.3841226137718342,0.1285714285714286,2,5,"wheat flour, sugar, salt, soy lecithin, flavor",1
0.6588318246698441,0.4035429237195849,0.7015046665015117,0.31428571428571433,1,4,"unpasteurized cream, egg powder, sulfite, artificial flavor",2
0.5544813396627903,0.6624545743828987,0.21578590098902822,0.08333333333333333,3,4,"wheat gluten, soybean oil, stabilizer, emulsifier",1
0.6839119791955159,0.47475757924330714,0.3884368383057868,0.1285714285714286,2,5,"wheat flour, sugar, salt, soy lecithin, flavor",1
0.5542867179513994,0.47443869344834566,0.7015885170364047,0.09285714285714287,2,4,"almond paste, sugar, cocoa butter, milk solids",2
0.531656425474339,0.6253895571390745,0.25206265975581,0.10833333333333335,0,4,"rice flour, palm oil, salt, spice",1
0.8242142928309371,0.7419181051500148,0.16675394932542137,0.10833333333333335,0,4,"rice flour, palm oil, salt, spice",0
0.3110511755161378,0.545140523245837,0.5801975875873178,0.1125,3,4,"corn flour, peanut oil, whey milk powder, salt",2
0.6319070460507941,0.608246283369476,0.824194506295681,0.09285714285714287,2,4,"almond paste, sugar, cocoa butter, milk solids",2
0.5428610601292172,0.5170697944912098,0.11453831400006637,0.09285714285714287,2,4,"almond paste, sugar, cocoa butter, milk solids",0
0.8247763990338912,0.332686428081882,0.5740082065117719,0.31428571428571433,1,4,"unpasteurized cream, egg powder, sulfite, artificial flavor",2
0.8659308541506063,0.44148843597763504,0.6016867475823374,0.4142857142857143,1,4,"raw milk, sugar syrup, preservative benzoate, color",1
0.9352171610510784,0.6705304892612999,0.4598500346169424,0.08333333333333333,3,4,"wheat gluten, soybean oil, stabilizer, emulsifier",1
0.8128555335154782,0.485203044900714,0.4551047066893444,0.09285714285714287,2,4,"almond paste, sugar, cocoa butter, milk solids",1
0.49548274750579474,0.6889341223256817,0.5562995070229291,0.08333333333333333,3,4,"wheat gluten, soybean oil, stabilizer, emulsifier",2
0.6923759659938926,0.4662302512149924,0.9905410051101007,0.23333333333333336,2,3,"fish extract, sesame oil, nitrate preservative",2
0.8269687182413372,0.8235814901441942,0.31252506268756935,0.23333333333333336,2,3,"fish extract, sesame oil, nitrate preservative",1
0.7748050212281241,0.5556044374051754,0.4522102451918912,0.31428571428571433,1,4,"unpasteurized cream, egg powder, sulfite, artificial flavor",1
0.6702955073375131,0.8302372550067794,0.5398891279295123,0.31428571428571433,1,4,"unpasteurized cream, egg powder, sulfite, artificial flavor",1
0.7658071343510626,0.6809319056895573,0.6640097594354961,0.4142857142857143,1,4,"raw milk, sugar syrup, preservative benzoate, color",2
0.43278194991649566,0.37636131387184407,0.14019808533927125,0.31428571428571433,1,4,"unpasteurized cream, egg powder, sulfite, artificial flavor",1
0.5208022131846524,0.0,0.22559015666728283,0.1285714285714286,2,5,"wheat flour, sugar, salt, soy lecithin, flavor",2
0.4803673199886364,0.6221183355313683,0.19404920540544363,0.1125,3,4,"corn flour, peanut oil, whey milk powder, salt",2
0.6522072713670363,1.0,0.8336168221296688,0.23333333333333336,2,3,"fish extract, sesame oil, nitrate preservative",2
0.49322036672333536,0.4848909976960937,0.6121776146648379,0.23333333333333336,2,3,"fish extract, sesame oil, nitrate preservative",2
0.8640926251276275,0.5271580216444327,1.0,0.23333333333333336,2,3,"fish extract, sesame oil, nitrate preservative",2
0.9213573109604509,0.6214638845421254,0.7118513261148786,0.09285714285714287,2,4,"almond paste, sugar, cocoa butter, milk solids",1
0.6827470719026978,0.7477106484930631,0.5088564304401019,0.23333333333333336,2,3,"fish extract, sesame oil, nitrate preservative",1
0.3551534940679211,0.2645727195627518,0.11112313515333616,0.10833333333333335,0,4,"rice flour, palm oil, salt, spice",1
0.5975851583535344,0.09791704853242955,0.4580326987263993,0.31428571428571433,1,4,"unpasteurized cream, egg powder, sulfite, artificial flavor",2
0.9772797750405791,0.2585724174160888,0.41405092742817695,0.4142857142857143,1,4,"raw milk, sugar syrup, preservative benzoate, color",2
0.7013963532329565,0.5729168874047756,0.5725875785045982,0.31428571428571433,1,4,"unpasteurized cream, egg powder, sulfite, artificial flavor",2
0.454292462599302,0.72561171578164,0.1979393362851814,0.10833333333333335,0,4,"rice flour, palm oil, salt, spice",0
0.4890672441254206,0.5454629449348707,0.3630411664135783,0.31428571428571433,1,4,"unpasteurized cream, egg powder, sulfite, artificial flavor",1
0.536349346509544,0.3292022729256677,0.5710154421005146,0.10833333333333335,0,4,"rice flour, palm oil, salt, spice",1
0.38733376777281237,0.4367410168837988,0.3625872501926606,0.1285714285714286,2,5,"wheat flour, sugar, salt, soy lecithin, flavor",2
0.6594521902109866,0.5076532394911212,0.6097182770353391,0.09285714285714287,2,4,"almond paste, sugar, cocoa butter, milk solids",1
0.9595525520048572,0.5764693012805345,0.5149408972172538,0.08333333333333333,3,4,"wheat gluten, soybean oil, stabilizer, emulsifier",1
0.7612089437965821,0.15050666142202807,0.12988817400597408,0.09285714285714287,2,4,"almond paste, sugar, cocoa butter, milk solids",1
0.8361645471995846,0.4869651220229553,0.07440323814311406,0.1285714285714286,2,5,"wheat flour, sugar, salt, soy lecithin, flavor",0
0.10505831646649644,0.5031748925434175,0.45855549200183565,0.08333333333333333,3,4,"wheat gluten, soybean oil, stabilizer, emulsifier",2
0.8157335705730048,0.5159223153287777,0.030367393155091682,0.10833333333333335,0,4,"rice flour, palm oil, salt, spice",0
0.6999648411315436,0.611878314031389,0.7159255448477855,0.31428571428571433,1,4,"unpasteurized cream, egg powder, sulfite, artificial flavor",2
0.42730300443446373,0.6998445854401709,0.12878350722906262,0.08333333333333333,3,4,"wheat gluten, soybean oil, stabilizer, emulsifier",0
0.8729463564105604,0.49782003539983005,0.6847829731292155,0.1285714285714286,2,5,"wheat flour, sugar, salt, soy lecithin, flavor",2
0.8454930584878841,0.50266823506962,0.10823761633603651,0.23333333333333336,2,3,"fish extract, sesame oil, nitrate preservative",0
0.699214511166305,0.6291018212725017,0.1552471849482036,0.10833333333333335,0,4,"rice flour, palm oil, salt, spice",0
0.5342154730594395,0.27481728227968977,0.3617583562137147,0.23333333333333336,2,3,"fish extract, sesame oil, nitrate preservative",2
0.7388759867571455,0.7118242621980488,0.46792169922046045,0.08333333333333333,3,4,"wheat gluten, soybean oil, stabilizer, emulsifier",1
0.4530164806579965,0.32063358356651184,0.2931513340363423,0.09285714285714287,2,4,"almond paste, sugar, cocoa butter, milk solids",1
0.3905747160373912,0.582411911812575,0.6605374482324158,0.4142857142857143,1,4,"raw milk, sugar syrup, preservative benzoate, color",2
0.5604115568520596,0.6183017371073606,0.49715347101721064,0.23333333333333336,2,3,"fish extract, sesame oil, nitrate preservative",1
0.3727699262057102,0.5558847151169946,0.7263318023440121,0.10833333333333335,0,4,"rice flour, palm oil, salt, spice",1
0.8141319609517758,0.5193948247587574,0.621044549125817,0.08333333333333333,3,4,"wheat gluten, soybean oil, stabilizer, emulsifier",1
0.5785140841301621,0.22581729633836972,0.0,0.1285714285714286,2,5,"wheat flour, sugar, salt, soy lecithin, flavor",1
0.5180049878993824,0.27271154934596137,0.18980666532154733,0.4142857142857143,1,4,"raw milk, sugar syrup, preservative benzoate, color",2
0.4686761050555836,0.6255941995989398,0.5995584521755102,0.4142857142857143,1,4,"raw milk, sugar syrup, preservative benzoate, color",2
0.8839982768877395,0.3364812461910228,0.4879143294353581,0.4142857142857143,1,4,"raw milk, sugar syrup, preservative benzoate, color",2
0.8276171656808465,0.26564727013108547,0.4312818028357086,0.08333333333333333,3,4,"wheat gluten, soybean oil, stabilizer, emulsifier",2
0.6351473456663591,0.5064630613130687,0.415563796344296,0.4142857142857143,1,4,"raw milk, sugar syrup, preservative benzoate, color",2
0.5545726575027929,0.5414842757911112,0.5172917153453083,0.10833333333333335,0,4,"rice flour, palm oil, salt, spice",1
1.0,0.194602672134785,0.5712827553217956,0.1125,3,4,"corn flour, peanut oil, whey milk powder, salt",1
0.703932463953465,0.5593114946655722,0.667608050289342,0.31428571428571433,1,4,"unpasteurized cream, egg powder, sulfite, artificial flavor",2
0.803769411914552,0.08114042124226456,0.849899505541525,0.31428571428571433,1,4,"unpasteurized cream, egg powder, sulfite, artificial flavor",2
0.7940118040341327,0.30602485103169574,0.31723062604682617,0.08333333333333333,3,4,"wheat gluten, soybean oil, stabilizer, emulsifier",1
0.6509523458417981,0.7669030321859933,0.11165153063337319,0.1125,3,4,"corn flour, peanut oil, whey milk powder, salt",1
0.6014907437924268,0.5092436277750905,0.1763546484353241,0.4142857142857143,1,4,"raw milk, sugar syrup, preservative benzoate, color",2
0.5170449628023159,0.6796788022477426,0.17173671619594177,0.4142857142857143,1,4,"raw milk, sugar syrup, preservative benzoate, color",1
0.5785496092809743,0.7839076294587768,0.4606958628169442,0.23333333333333336,2,3,"fish extract, sesame oil, nitrate preservative",1
0.8291188983758394,0.6572593938361788,0.41516140406490454,0.08333333333333333,3,4,"wheat gluten, soybean oil, stabilizer, emulsifier",1
0.3179081236946195,0.6276948401703082,0.11284054430699753,0.08333333333333333,3,4,"wheat gluten, soybean oil, stabilizer, emulsifier",1
1.0,0.3299728892551389,0.47741433997106075,0.09285714285714287,2,4,"almond paste, sugar, cocoa butter, milk solids",2
0.8144501352524546,0.4107575896840201,0.5492728342421584,0.08333333333333333,3,4,"wheat gluten, soybean oil, stabilizer, emulsifier",2
0.47423752152273063,0.5321359194598532,0.14842847743912296,0.1285714285714286,2,5,"wheat flour, sugar, salt, soy lecithin, flavor",1
0.6810037212159298,0.5045161174712233,0.1446888040713467,0.10833333333333335,0,4,"rice flour, palm oil, salt, spice",0
0.46931728241382414,0.49387991063238723,0.16985273138799545,0.10833333333333335,0,4,"rice flour, palm oil, salt, spice",0
0.5031939576557148,0.7956841624560302,0.35930925400475533,0.23333333333333336,2,3,"fish extract, sesame oil, nitrate preservative",2
0.6446305609533375,0.5217208995712396,0.6920724520204036,0.09285714285714287,2,4,"almond paste, sugar, cocoa butter, milk solids",2
0.3169449149995606,0.2736101937272735,0.38298695133259336,0.09285714285714287,2,4,"almond paste, sugar, cocoa butter, milk solids",1
0.516161730325546,1.0,0.11770278906983095,0.1125,3,4,"corn flour, peanut oil, whey milk powder, salt",0
0.39696845576897954,0.4513197319234643,0.5311122841349197,0.1125,3,4,"corn flour, peanut oil, whey milk powder, salt",2
0.9425233432093502,0.4593123403262815,0.5571577284972121,0.08333333333333333,3,4,"wheat gluten, soybean oil, stabilizer, emulsifier",2
0.5704883699951406,0.4338079622937034,0.0,0.1125,3,4,"corn flour, peanut oil, whey milk powder, salt",1
0.41771690675013085,0.5753193420555388,0.3715903215026401,0.4142857142857143,1,4,"raw milk, sugar syrup, preservative benzoate, color",2
0.7091324080995675,0.2823235177352311,0.7304093629362268,0.4142857142857143,1,4,"raw milk, sugar syrup, preservative benzoate, color",2
0.9461303149319839,0.7754709523284845,0.5214728783489968,0.31428571428571433,1,4,"unpasteurized cream, egg powder, sulfite, artificial flavor",1
0.5047309847940192,0.5646550629171393,0.5082551111147117,0.1285714285714286,2,5,"wheat flour, sugar, salt, soy lecithin, flavor",2
0.5614124802530794,0.26160425287199746,0.38636763672461677,0.10833333333333335,0,4,"rice flour, palm oil, salt, spice",1
0.35369982644079884,0.5120888976921444,0.31965413567041434,0.23333333333333336,2,3,"fish extract, sesame oil, nitrate preservative",2
0.8659308596954405,0.6513166308380508,0.2114033035290135,0.31428571428571433,1,4,"unpasteurized cream, egg powder, sulfite, artificial flavor",1
0.4605626658728287,0.4346007257244933,0.5690401844235669,0.4142857142857143,1,4,"raw milk, sugar syrup, preservative benzoate, color",2
0.4605881889275888,0.4262106894817274,0.35559840341941606,0.09285714285714287,2,4,"almond paste, sugar, cocoa butter, milk solids",1
0.7978544799986063,0.6757592587220607,0.8761876698826556,0.4142857142857143,1,4,"raw milk, sugar syrup, preservative benzoate, color",2
0.612675442918912,0.3147599366713134,0.32892669589538126,0.4142857142857143,1,4,"raw milk, sugar syrup, preservative benzoate, color",2
0.4097121226551106,0.33962254542031733,0.46825743672554393,0.1125,3,4,"corn flour, peanut oil, whey milk powder, salt",2
0.4348043632648474,1.0,0.40069542078783305,0.08333333333333333,3,4,"wheat gluten, soybean oil, stabilizer, emulsifier",1
0.36683858679611364,0.8912183516255279,0.7462901497766415,0.4142857142857143,1,4,"raw milk, sugar syrup, preservative benzoate, color",2
0.6379200379904316,0.32571379079654905,0.8217181579641394,0.08333333333333333,3,4,"wheat gluten, soybean oil, stabilizer, emulsifier",2
0.6171790269277925,0.06272486735053556,0.28364848469501325,0.31428571428571433,1,4,"unpasteurized cream, egg powder, sulfite, artificial flavor",2
0.7996505660685836,0.23159739955170894,0.5663415074988389,0.1125,3,4,"corn flour, peanut oil, whey milk powder, salt",2
0.30149959819519584,0.5484190969253527,0.5602453276278604,0.31428571428571433,1,4,"unpasteurized cream, egg powder, sulfite, artificial flavor",2
0.5413743401867288,0.48453891394899523,0.46742407099949407,0.1125,3,4,"corn flour, peanut oil, whey milk powder, salt",2
0.5202578124165359,0.5420587435306045,0.5973400130933364,0.23333333333333336,2,3,"fish extract, sesame oil, nitrate preservative",2
0.6166237268858025,0.16581681482096372,0.6049477279898208,0.10833333333333335,0,4,"rice flour, palm oil, salt, spice",2
0.6071448347875611,0.7421468615188929,0.07038058338938541,0.31428571428571433,1,4,"unpasteurized cream, egg powder, sulfite, artificial flavor",0
0.5987189660768671,0.5840353886383864,0.39833204346206197,0.23333333333333336,2,3,"fish extract, sesame oil, nitrate preservative",2
0.7678749917384016,0.6467964587903055,0.44261773915099173,0.10833333333333335,0,4,"rice flour, palm oil, salt, spice",0
0.8199111599191666,0.678911682396796,0.3064786659791485,0.31428571428571433,1,4,"unpasteurized cream, egg powder, sulfite, artificial flavor",1
0.7548953474330602,0.8617632495598172,0.30725581666984936,0.08333333333333333,3,4,"wheat gluten, soybean oil, stabilizer, emulsifier",0
0.6103338128588683,0.3265344795897451,0.5912155827058747,0.1125,3,4,"corn flour, peanut oil, whey milk powder, salt",2
0.6158333213395804,0.5939169854359889,0.4430847016291394,0.09285714285714287,2,4,"almond paste, sugar, cocoa butter, milk solids",2
0.4942822627025198,0.5521971027055051,0.6933698860941964,0.09285714285714287,2,4,"almond paste, sugar, cocoa butter, milk solids",2
0.36414658504222097,0.14245429845305646,0.5071929495557196,0.10833333333333335,0,4,"rice flour, palm oil, salt, spice",1
0.7190480741805074,0.4216914558434307,0.5508820450035402,0.4142857142857143,1,4,"raw milk, sugar syrup, preservative benzoate, color",2
0.7209805767173586,0.6450256134696017,0.3477745868415858,0.1285714285714286,2,5,"wheat flour, sugar, salt, soy lecithin, flavor",1
0.6708078366457374,0.27060758844977373,0.6442359734577042,0.1285714285714286,2,5,"wheat flour, sugar, salt, soy lecithin, flavor",2
0.854252352592981,0.754819767968205,0.5637748047020482,0.09285714285714287,2,4,"almond paste, sugar, cocoa butter, milk solids",1
0.722134311252005,0.47584436610758774,0.5518253715407766,0.1125,3,4,"corn flour, peanut oil, whey milk powder, salt",2
0.49887482216539386,0.4267614520018611,0.23723959424061902,0.4142857142857143,1,4,"raw milk, sugar syrup, preservative benzoate, color",1
0.7313691820227953,0.9117829084165543,0.8135723675634672,0.09285714285714287,2,4,"almond paste, sugar, cocoa butter, milk solids",1
0.7304738408801159,0.8344212699847113,0.39950180423749393,0.31428571428571433,1,4,"unpasteurized cream, egg powder, sulfite, artificial flavor",1
0.6480125102357954,0.3372880541130565,0.5439197039405332,0.10833333333333335,0,4,"rice flour, palm oil, salt, spice",1
0.6977144804059673,0.754902535085338,0.3277004304226631,0.31428571428571433,1,4,"unpasteurized cream, egg powder, sulfite, artificial flavor",0
0.5520455638664681,0.433681213143679,0.15877572928342798,0.23333333333333336,2,3,"fish extract, sesame oil, nitrate preservative",1
0.5190053312643631,0.33485280827095354,0.37799407075910163,0.4142857142857143,1,4,"raw milk, sugar syrup, preservative benzoate, color",2
0.5765953089302718,0.6738210036929706,0.2445993695949174,0.1125,3,4,"corn flour, peanut oil, whey milk powder, salt",1
0.6265180194875647,0.45603269830025467,0.5958008339106319,0.08333333333333333,3,4,"wheat gluten, soybean oil, stabilizer, emulsifier",2
0.6993345788756326,0.0,0.7618672547722258,0.4142857142857143,1,4,"raw milk, sugar syrup, preservative benzoate, color",2
0.48911117539989746,0.755069606851551,0.43019692044446306,0.1125,3,4,"corn flour, peanut oil, whey milk powder, salt",1
0.7848430343377115,0.16569909389027238,0.7483780422116438,0.23333333333333336,2,3,"fish extract, sesame oil, nitrate preservative",2
0.38536884052036197,0.4333769855394618,0.2762106449576389,0.1285714285714286,2,5,"wheat flour, sugar, salt, soy lecithin, flavor",2
0.2905509959023116,0.4692815762961332,0.31009915428425905,0.08333333333333333,3,4,"wheat gluten, soybean oil, stabilizer, emulsifier",2
0.3569821587372442,0.8708458209370029,0.49267515730627376,0.4142857142857143,1,4,"raw milk, sugar syrup, preservative benzoate, color",2
0.45570860866167884,0.29507631959689884,0.5208619091406826,0.09285714285714287,2,4,"almond paste, sugar, cocoa butter, milk solids",2
0.207534082427126,0.4740647058303654,0.10337163678806582,0.4142857142857143,1,4,"raw milk, sugar syrup, preservative benzoate, color",2
0.4431811070353534,0.9501926203180309,0.5124105447773055,0.09285714285714287,2,4,"almond paste, sugar, cocoa butter, milk solids",1
0.28024830665838696,0.41920737327261565,0.5473665785871327,0.10833333333333335,0,4,"rice flour, palm oil, salt, spice",1
0.38351461453781455,0.4927267728269649,0.37106863920537714,0.1285714285714286,2,5,"wheat flour, sugar, salt, soy lecithin, flavor",2
0.4847117870660233,0.4958212745858126,0.4480513798088432,0.31428571428571433,1,4,"unpasteurized cream, egg powder, sulfite, artificial flavor",2
0.6429099074707365,0.5322772109493665,0.40529916663836923,0.4142857142857143,1,4,"raw milk, sugar syrup, preservative benzoate, color",2
0.5575498361134473,0.4886605424348126,0.5230318065753877,0.1285714285714286,2,5,"wheat flour, sugar, salt, soy lecithin, flavor",2
0.7385742407499638,0.171365767752379,0.5478000948102972,0.10833333333333335,0,4,"rice flour, palm oil, salt, spice",2
0.6879603344041153,0.5841250157079586,0.37670111686332336,0.10833333333333335,0,4,"rice flour, palm oil, salt, spice",0
0.45852421057235604,0.49202487690502605,0.5436438553378167,0.09285714285714287,2,4,"almond paste, sugar, cocoa butter, milk solids",2
0.45486927227675683,0.2779513124815652,0.5859595057395571,0.1125,3,4,"corn flour, peanut oil, whey milk powder, salt",2
0.7737306886911598,0.5675735274161455,0.5862424062204665,0.10833333333333335,0,4,"rice flour, palm oil, salt, spice",1
0.5835227965047226,0.4438356343740706,0.9871135754742204,0.1285714285714286,2,5,"wheat flour, sugar, salt, soy lecithin, flavor",2
0.6781217682210192,0.6003708830590011,0.19094585952572796,0.10833333333333335,0,4,"rice flour, palm oil, salt, spice",0
0.5830449764368499,0.3278137809568559,0.7615325051578523,0.31428571428571433,1,4,"unpasteurized cream, egg powder, sulfite, artificial flavor",2
0.9198929112463903,0.6817594736732386,0.49775685456248986,0.1285714285714286,2,5,"wheat flour, sugar, salt, soy lecithin, flavor",1
0.6286736010893352,0.5443833849791937,0.3547339744751624,0.31428571428571433,1,4,"unpasteurized cream, egg powder, sulfite, artificial flavor",2
0.602642425180148,0.39200272922647944,0.5285845679165363,0.1285714285714286,2,5,"wheat flour, sugar, salt, soy lecithin, flavor",2
0.3599746226278438,0.2556375297351629,0.6243337433381493,0.08333333333333333,3,4,"wheat gluten, soybean oil, stabilizer, emulsifier",2
0.5139450496043115,0.8116493213759821,0.39143699398614734,0.09285714285714287,2,4,"almond paste, sugar, cocoa butter, milk solids",1
0.5285555085771975,0.5727496306972287,0.6621040368024113,0.31428571428571433,1,4,"unpasteurized cream, egg powder, sulfite, artificial flavor",2
0.421134382120833,0.6089185685116758,0.7029807390133276,0.31428571428571433,1,4,"unpasteurized cream, egg powder, sulfite, artificial flavor",2
0.9449600778123739,0.3973121365378679,0.19658716470331067,0.4142857142857143,1,4,"raw milk, sugar syrup, preservative benzoate, color",1
0.6896261281684881,0.5704513319294832,0.2529494491964314,0.1285714285714286,2,5,"wheat flour, sugar, salt, soy lecithin, flavor",1
0.37955314002290275,0.78178991647538,1.0,0.1125,3,4,"corn flour, peanut oil, whey milk powder, salt",2
0.5112852415987993,0.18795733578263674,0.3674017401333511,0.10833333333333335,0,4,"rice flour, palm oil, salt, spice",1
0.33953917624529717,0.8944719883991299,0.56002975396567,0.09285714285714287,2,4,"almond paste, sugar, cocoa butter, milk solids",2
0.5688832051601814,0.7429101364478667,0.4928858338870526,0.09285714285714287,2,4,"almond paste, sugar, cocoa butter, milk solids",1
0.5647192263878971,0.4815694218535906,0.19047888356759035,0.1125,3,4,"corn flour, peanut oil, whey milk powder, salt",0
0.6101694045587819,0.29277399265824183,0.4924155296923808,0.10833333333333335,0,4,"rice flour, palm oil, salt, spice",1
0.21191855890931177,0.3669750681040998,0.5895980566218031,0.10833333333333335,0,4,"rice flour, palm oil, salt, spice",2
0.6285206490899523,0.7544814450720945,0.6709560509779976,0.4142857142857143,1,4,"raw milk, sugar syrup, preservative benzoate, color",2
0.5157642636016273,0.42413110313309915,0.6029203522401245,0.4142857142857143,1,4,"raw milk, sugar syrup, preservative benzoate, color",2
0.6237372863618074,0.7137527900694884,0.520810357250694,0.23333333333333336,2,3,"fish extract, sesame oil, nitrate preservative",2
0.756748098665995,0.38909467395503733,0.10220830968843592,0.09285714285714287,2,4,"almond paste, sugar, cocoa butter, milk solids",1
0.2913925388106981,0.4072361005562578,0.6698123443213623,0.31428571428571433,1,4,"unpasteurized cream, egg powder, sulfite, artificial flavor",2
0.5078289445225571,0.8301763720625934,0.2695968277955617,0.09285714285714287,2,4,"almond paste, sugar, cocoa butter, milk solids",0
0.6702818877696988,0.6492686068681464,0.7004723698051682,0.09285714285714287,2,4,"almond paste, sugar, cocoa butter, milk solids",2
0.6880891090089136,0.4981581481369834,0.5137936267120772,0.10833333333333335,0,4,"rice flour, palm oil, salt, spice",1
0.739057165364897,0.6610291363889662,0.5097277406380403,0.09285714285714287,2,4,"almond paste, sugar, cocoa butter, milk solids",1
0.6121808264512877,0.5443964430208512,0.5424999475589036,0.08333333333333333,3,4,"wheat gluten, soybean oil, stabilizer, emulsifier",2
0.6760120234425647,0.7636924134488596,0.5215604211018643,0.1125,3,4,"corn flour, peanut oil, whey milk powder, salt",2
0.5319529274883341,0.6148178444640094,0.32426273612354395,0.1125,3,4,"corn flour, peanut oil, whey milk powder, salt",1
0.7523347312153913,0.6138189668047149,0.7770052668536419,0.08333333333333333,3,4,"wheat gluten, soybean oil, stabilizer, emulsifier",2
0.540209664628979,1.0,0.5867322828772468,0.1125,3,4,"corn flour, peanut oil, whey milk powder, salt",1
0.4303176153843587,0.7373138711713576,0.4198369955634868,0.10833333333333335,0,4,"rice flour, palm oil, salt, spice",1
0.5885684386011116,0.696298481588187,0.3137162995655156,0.1285714285714286,2,5,"wheat flour, sugar, salt, soy lecithin, flavor",0
0.7081726712459815,0.6165064626195282,0.32192017959858793,0.10833333333333335,0,4,"rice flour, palm oil, salt, spice",0
0.46610503312278584,0.44569227104272335,0.29233022456115954,0.08333333333333333,3,4,"wheat gluten, soybean oil, stabilizer, emulsifier",2
0.7088988076221971,0.7994422842284901,1.0,0.10833333333333335,0,4,"rice flour, palm oil, salt, spice",1
0.46709221544212054,0.42676498316509526,0.31281968307580754,0.31428571428571433,1,4,"unpasteurized cream, egg powder, sulfite, artificial flavor",1
0.3810113312479071,0.6170084735074827,0.5113736307142952,0.23333333333333336,2,3,"fish extract, sesame oil, nitrate preservative",2
0.6913911212948854,0.6706013706853353,0.41785003389874587,0.31428571428571433,1,4,"unpasteurized cream, egg powder, sulfite, artificial flavor",2
0.2647527445275369,0.34952485084675655,0.11708934241388058,0.1125,3,4,"corn flour, peanut oil, whey milk powder, salt",2
0.5780750596704,0.4563148604201085,0.9424037447281131,0.23333333333333336,2,3,"fish extract, sesame oil, nitrate preservative",2
0.4324067721704214,0.35017102173379755,0.50809720980133,0.31428571428571433,1,4,"unpasteurized cream, egg powder, sulfite, artificial flavor",2
0.26586391791939773,0.5139385954300932,0.5030958582321711,0.10833333333333335,0,4,"rice flour, palm oil, salt, spice",1
0.5028836672541948,0.5146281612854409,0.5199760051942105,0.4142857142857143,1,4,"raw milk, sugar syrup, preservative benzoate, color",2
0.7945541168911567,0.4911304552945501,0.3996456368546213,0.10833333333333335,0,4,"rice flour, palm oil, salt, spice",0
0.5218439220134006,0.7080786953932345,0.7155087750543141,0.10833333333333335,0,4,"rice flour, palm oil, salt, spice",2
0.9200977632095679,0.3767167722681123,0.5030576060531524,0.1285714285714286,2,5,"wheat flour, sugar, salt, soy lecithin, flavor",1
0.4831326744701755,0.25288759935378574,0.5203894781263808,0.1285714285714286,2,5,"wheat flour, sugar, salt, soy lecithin, flavor",2
0.6154788265345725,0.39119129166022937,0.2580751639142449,0.1125,3,4,"corn flour, peanut oil, whey milk powder, salt",1
0.7042707548377679,0.987172753283525,0.5610036968663863,0.1285714285714286,2,5,"wheat flour, sugar, salt, soy lecithin, flavor",1
0.4060389608038814,0.29261851189272514,0.8482224782901334,0.1125,3,4,"corn flour, peanut oil, whey milk powder, salt",2
0.5929621941810205,0.5319615173245223,0.3014485685824758,0.23333333333333336,2,3,"fish extract, sesame oil, nitrate preservative",1
0.8212876291770188,0.3888012782336405,0.1933920534394422,0.1285714285714286,2,5,"wheat flour, sugar, salt, soy lecithin, flavor",1
0.4883066482832409,0.23356659677461644,0.33618286158351607,0.1125,3,4,"corn flour, peanut oil, whey milk powder, salt",2
0.8098209761790874,0.34268360502606865,0.48140562606747583,0.10833333333333335,0,4,"rice flour, palm oil, salt, spice",1
0.786081510229002,0.31350988555871256,0.5730390085605256,0.4142857142857143,1,4,"raw milk, sugar syrup, preservative benzoate, color",2
0.7952255504634921,0.6601848761787081,0.0,0.31428571428571433,1,4,"unpasteurized cream, egg powder, sulfite, artificial flavor",0
0.5649036204984383,0.6455221459513542,0.6736606422473352,0.31428571428571433,1,4,"unpasteurized cream, egg powder, sulfite, artificial flavor",2
0.5614305103401962,0.18073259777590395,0.3997941252519402,0.31428571428571433,1,4,"unpasteurized cream, egg powder, sulfite, artificial flavor",2
0.7136294514218837,0.731678659453461,0.5279107347850853,0.08333333333333333,3,4,"wheat gluten, soybean oil, stabilizer, emulsifier",0
0.3699440947118754,0.9272378317112164,0.37976168553375683,0.1285714285714286,2,5,"wheat flour, sugar, salt, soy lecithin, flavor",0
0.6024040064778611,0.7709880977915451,0.5609309085482603,0.09285714285714287,2,4,"almond paste, sugar, cocoa butter, milk solids",1
0.665341664588613,0.6894976623842001,1.0,0.1125,3,4,"corn flour, peanut oil, whey milk powder, salt",2
0.6803990727502026,0.7782961536206436,0.7645941774379521,0.23333333333333336,2,3,"fish extract, sesame oil, nitrate preservative",2
0.8096900001338629,0.7355484799102411,1.0,0.1285714285714286,2,5,"wheat flour, sugar, salt, soy lecithin, flavor",2
0.5448985712772083,0.45195556999224495,0.3041954350520073,0.1285714285714286,2,5,"wheat flour, sugar, salt, soy lecithin, flavor",0
0.5217540947298358,0.623871611939981,0.39149119398869964,0.1285714285714286,2,5,"wheat flour, sugar, salt, soy lecithin, flavor",2
0.8323852299331443,0.6022840825459937,0.6818096081765168,0.1285714285714286,2,5,"wheat flour, sugar, salt, soy lecithin, flavor",2
0.8463812337426413,0.5611878700264802,0.6091465557795328,0.1125,3,4,"corn flour, peanut oil, whey milk powder, salt",2
0.6728968174064418,0.9968772492395365,0.44051267273900274,0.09285714285714287,2,4,"almond paste, sugar, cocoa butter, milk solids",1
0.8264002111564996,0.778050656188856,0.5025776118982603,0.10833333333333335,0,4,"rice flour, palm oil, salt, spice",0
0.2004946334478505,0.8439874461882463,0.5372842516625174,0.1285714285714286,2,5,"wheat flour, sugar, salt, soy lecithin, flavor",2
0.4376199951274108,0.23949850533998918,0.5573659645110568,0.4142857142857143,1,4,"raw milk, sugar syrup, preservative benzoate, color",2
0.6152390305318974,1.0,0.6835956204211927,0.1285714285714286,2,5,"wheat flour, sugar, salt, soy lecithin, flavor",2
0.751908640479604,0.8458924287704386,0.4581842319618361,0.1285714285714286,2,5,"wheat flour, sugar, salt, soy lecithin, flavor",0
0.7461124277993703,0.35603992097698534,0.46119949089234735,0.1125,3,4,"corn flour, peanut oil, whey milk powder, salt",1
0.8703652653317635,0.6998914030813128,0.643338936541671,0.1285714285714286,2,5,"wheat flour, sugar, salt, soy lecithin, flavor",1
0.6355601308549506,0.31296308389353655,0.01898276467487514,0.23333333333333336,2,3,"fish extract, sesame oil, nitrate preservative",1
0.6583182461289859,0.7918529136850756,0.8456938795381208,0.09285714285714287,2,4,"almond paste, sugar, cocoa butter, milk solids",2
0.5365922937090415,0.6460668591762759,1.0,0.08333333333333333,3,4,"wheat gluten, soybean oil, stabilizer, emulsifier",2
0.8014914891597085,0.47244240889014194,0.3056960811458726,0.08333333333333333,3,4,"wheat gluten, soybean oil, stabilizer, emulsifier",1
0.5570814568235455,0.5270444101996156,0.8504406596070178,0.09285714285714287,2,4,"almond paste, sugar, cocoa butter, milk solids",2
0.16093506505692923,0.6508889295324938,0.34621519231713616,0.1285714285714286,2,5,"wheat flour, sugar, salt, soy lecithin, flavor",2
0.5507332807528017,0.7080681163569409,0.16276972676240442,0.10833333333333335,0,4,"rice flour, palm oil, salt, spice",0
0.7231268243611286,0.4271830449311264,0.1460625239606062,0.09285714285714287,2,4,"almond paste, sugar, cocoa butter, milk solids",1
0.5919008626242588,0.1578308803060935,0.6553133442737396,0.31428571428571433,1,4,"unpasteurized cream, egg powder, sulfite, artificial flavor",2
0.6555838698326698,0.3725072350515681,0.24483535713126764,0.31428571428571433,1,4,"unpasteurized cream, egg powder, sulfite, artificial flavor",1
0.4840425149304393,0.6677406556430302,0.40186473673905654,0.31428571428571433,1,4,"unpasteurized cream, egg powder, sulfite, artificial flavor",2
0.6506111698158262,0.4104885586807384,0.30949322555689707,0.31428571428571433,1,4,"unpasteurized cream, egg powder, sulfite, artificial flavor",1
0.5361742414947556,0.07556089438729718,0.38214272799073196,0.1285714285714286,2,5,"wheat flour, sugar, salt, soy lecithin, flavor",2
0.8836219665907188,0.2094442776213381,0.18290282405850816,0.10833333333333335,0,4,"rice flour, palm oil, salt, spice",0
0.46590307102938455,0.42358283543821784,0.6355717872417288,0.31428571428571433,1,4,"unpasteurized cream, egg powder, sulfite, artificial flavor",2
0.2649851367889999,0.4938533198298577,0.8409759245484077,0.1125,3,4,"corn flour, peanut oil, whey milk powder, salt",2
0.8040820690615221,0.9713769466556292,0.37309333590737126,0.09285714285714287,2,4,"almond paste, sugar, cocoa butter, milk solids",0
0.9279699398417116,0.24556014496171436,0.7260678355218408,0.4142857142857143,1,4,"raw milk, sugar syrup, preservative benzoate, color",2
0.5563285714679506,0.3583976798597542,0.2837175759151795,0.09285714285714287,2,4,"almond paste, sugar, cocoa butter, milk solids",1
0.7791970790692828,0.5240527593622994,0.5154248949213076,0.31428571428571433,1,4,"unpasteurized cream, egg powder, sulfite, artificial flavor",2
0.7331446515143261,0.7138686194119495,1.0,0.08333333333333333,3,4,"wheat gluten, soybean oil, stabilizer, emulsifier",2
0.517545275699737,0.7037931743147492,0.6802029171606705,0.1125,3,4,"corn flour, peanut oil, whey milk powder, salt",2
0.6974035508792472,0.38448315185306775,0.4096825226366967,0.09285714285714287,2,4,"almond paste, sugar, cocoa butter, milk solids",1
0.7792689632680064,0.4290802767640919,0.09467541835325216,0.1285714285714286,2,5,"wheat flour, sugar, salt, soy lecithin, flavor",0
0.36362981072401124,0.5190778482760182,0.23844636620852688,0.23333333333333336,2,3,"fish extract, sesame oil, nitrate preservative",1
0.46066454070323104,0.46189842783040136,0.7909509529350869,0.4142857142857143,1,4,"raw milk, sugar syrup, preservative benzoate, color",2
0.5170152694954491,0.4633534686753958,0.5721042233894289,0.09285714285714287,2,4,"almond paste, sugar, cocoa butter, milk solids",2
0.4366288489018919,0.5572961511228464,0.053043694894134075,0.23333333333333336,2,3,"fish extract, sesame oil, nitrate preservative",1
0.5495876471614424,0.9133053992280211,0.3061275415640689,0.1125,3,4,"corn flour, peanut oil, whey milk powder, salt",1
0.593551545600128,0.5299404665113183,0.47484912303895555,0.23333333333333336,2,3,"fish extract, sesame oil, nitrate preservative",2
0.847992522529454,0.5495499510991686,0.6793695358777593,0.1285714285714286,2,5,"wheat flour, sugar, salt, soy lecithin, flavor",1
0.737871981490722,0.397601695234602,0.7399451859393891,0.31428571428571433,1,4,"unpasteurized cream, egg powder, sulfite, artificial flavor",2
0.20534217165466645,0.4403854133510354,0.7710125295436467,0.1285714285714286,2,5,"wheat flour, sugar, salt, soy lecithin, flavor",2
0.6448044477615053,0.7517336711909679,0.6065797566346528,0.23333333333333336,2,3,"fish extract, sesame oil, nitrate preservative",2
0.8739060814926526,0.6217592167812509,0.6991570683286701,0.1125,3,4,"corn flour, peanut oil, whey milk powder, salt",2
0.49173705391937894,0.8913535280837948,0.5475650287909913,0.23333333333333336,2,3,"fish extract, sesame oil, nitrate preservative",2
0.4944271828344064,0.5521965785164803,0.8159186839088971,0.31428571428571433,1,4,"unpasteurized cream, egg powder, sulfite, artificial flavor",2
0.2919348312485173,0.5069511086847691,0.8921046343950366,0.1285714285714286,2,5,"wheat flour, sugar, salt, soy lecithin, flavor",2
0.9407487993760578,0.6864785019625586,0.48459717106118394,0.10833333333333335,0,4,"rice flour, palm oil, salt, spice",0
0.7948233473625124,0.44160331995476154,0.7526164133935174,0.09285714285714287,2,4,"almond paste, sugar, cocoa butter, milk solids",2
0.6261926649604072,0.5150063926571644,0.7300408264460385,0.09285714285714287,2,4,"almond paste, sugar, cocoa butter, milk solids",2
0.3080534771705623,0.672888024578495,0.6388724321747725,0.09285714285714287,2,4,"almond paste, sugar, cocoa butter, milk solids",2
0.5423027318992414,0.7074965408771051,0.489977212114001,0.31428571428571433,1,4,"unpasteurized cream, egg powder, sulfite, artificial flavor",2
0.543859563794028,0.9541279397551665,0.11830526195000479,0.31428571428571433,1,4,"unpasteurized cream, egg powder, sulfite, artificial flavor",0
0.5805179991018647,0.4632745029691625,0.04129377473042689,0.1285714285714286,2,5,"wheat flour, sugar, salt, soy lecithin, flavor",0
0.5315931488054048,0.13015873148775126,0.6847049799703355,0.10833333333333335,0,4,"rice flour, palm oil, salt, spice",2
0.6646121593172648,0.5592116277154231,0.7921944565970753,0.1125,3,4,"corn flour, peanut oil, whey milk powder, salt",2
0.8040423665176124,0.3616924795540398,0.5442958677072828,0.09285714285714287,2,4,"almond paste, sugar, cocoa butter, milk solids",2
0.6844849187317393,1.0,0.6407859564761741,0.10833333333333335,0,4,"rice flour, palm oil, salt, spice",1
0.6329246514231669,0.5353563352032358,0.5838797058178146,0.10833333333333335,0,4,"rice flour, palm oil, salt, spice",1
0.8279348202904858,0.8244684685733037,0.2819566105707829,0.4142857142857143,1,4,"raw milk, sugar syrup, preservative benzoate, color",1
0.5843472043909163,0.6179617148980862,0.601248100675714,0.31428571428571433,1,4,"unpasteurized cream, egg powder, sulfite, artificial flavor",2
0.8538291591543484,0.611882567951985,0.6373205399432972,0.09285714285714287,2,4,"almond paste, sugar, cocoa butter, milk solids",1
0.98855862192687,0.6439649846409934,0.6568594335759218,0.08333333333333333,3,4,"wheat gluten, soybean oil, stabilizer, emulsifier",1
0.8228190638253714,0.607378223658521,0.07896845833763627,0.1285714285714286,2,5,"wheat flour, sugar, salt, soy lecithin, flavor",0
0.5021190952165098,0.8322633971753425,0.48067615070718606,0.31428571428571433,1,4,"unpasteurized cream, egg powder, sulfite, artificial flavor",2
0.43845126524616074,0.3514306384332121,0.4567703475124164,0.1125,3,4,"corn flour, peanut oil, whey milk powder, salt",2
0.36044209452957165,0.21639308002218072,0.6812186039496343,0.4142857142857143,1,4,"raw milk, sugar syrup, preservative benzoate, color",2
0.26577412765077013,0.4142041371296036,0.49833519474114685,0.10833333333333335,0,4,"rice flour, palm oil, salt, spice",2
0.46117857007776497,0.8814752240464994,0.34939767468044386,0.31428571428571433,1,4,"unpasteurized cream, egg powder, sulfite, artificial flavor",1
0.638062827425505,0.43959505419768474,0.46587071114026946,0.1125,3,4,"corn flour, peanut oil, whey milk powder, salt",2
0.8639165075326227,0.38664136414594885,0.4906645617825962,0.09285714285714287,2,4,"almond paste, sugar, cocoa butter, milk solids",1
0.5899766905230011,0.5510645720903401,0.7508460853660819,0.4142857142857143,1,4,"raw milk, sugar syrup, preservative benzoate, color",2
0.5407423082953785,0.5072093712278377,0.6461443064522399,0.08333333333333333,3,4,"wheat gluten, soybean oil, stabilizer, emulsifier",2
0.5841768322735413,0.3561202844522759,0.28949592316647776,0.23333333333333336,2,3,"fish extract, sesame oil, nitrate preservative",2
0.5718441337542062,0.8780708187796622,0.38700002264271977,0.1125,3,4,"corn flour, peanut oil, whey milk powder, salt",1
0.40967038596060973,0.1704371000200447,0.7830498288831913,0.09285714285714287,2,4,"almond paste, sugar, cocoa butter, milk solids",2
0.5962728544608779,0.4328163579096831,0.5589958118101696,0.08333333333333333,3,4,"wheat gluten, soybean oil, stabilizer, emulsifier",2
0.6809667587801761,0.34833822274514764,0.3459815134779044,0.1125,3,4,"corn flour, peanut oil, whey milk powder, salt",1
0.34281322183926993,0.46548780344025076,0.5261352387786384,0.1125,3,4,"corn flour, peanut oil, whey milk powder, salt",2
0.5964176992368146,0.4188513075135373,0.652033764490713,0.1125,3,4,"corn flour, peanut oil, whey milk powder, salt",2
0.5164115294048193,0.6470396462955414,0.44728422580437766,0.08333333333333333,3,4,"wheat gluten, soybean oil, stabilizer, emulsifier",2
0.6915587177432577,0.19531709223806387,0.5998790389183309,0.10833333333333335,0,4,"rice flour, palm oil, salt, spice",2
0.5601126894003415,0.7491269612235665,0.3481745809465719,0.23333333333333336,2,3,"fish extract, sesame oil, nitrate preservative",1
0.2838341902656634,0.5020457974212817,0.7831052977820107,0.09285714285714287,2,4,"almond paste, sugar, cocoa butter, milk solids",2
0.3696905767354984,0.3435935509676845,0.4860696308635888,0.4142857142857143,1,4,"raw milk, sugar syrup, preservative benzoate, color",2
0.7717826992365056,0.6490545892137196,0.5320386691556547,0.08333333333333333,3,4,"wheat gluten, soybean oil, stabilizer, emulsifier",1
0.44484317604359247,0.7214420707113225,0.25535026404097577,0.09285714285714287,2,4,"almond paste, sugar, cocoa butter, milk solids",1
0.6379556283758556,0.5147573882076049,0.5880681798281281,0.1125,3,4,"corn flour, peanut oil, whey milk powder, salt",1
0.654406479327383,0.5273292004320387,0.48886181512746196,0.08333333333333333,3,4,"wheat gluten, soybean oil, stabilizer, emulsifier",2
0.39476276580279157,0.5217194658349245,0.5148622064977814,0.4142857142857143,1,4,"raw milk, sugar syrup, preservative benzoate, color",2
0.6291454861113123,0.7578738089837107,0.2610723983324875,0.09285714285714287,2,4,"almond paste, sugar, cocoa butter, milk solids",0
0.28776993055130484,0.5859293361560107,0.37121672956593044,0.4142857142857143,1,4,"raw milk, sugar syrup, preservative benzoate, color",2
0.437134649421404,0.5160898568599113,0.905076235173919,0.10833333333333335,0,4,"rice flour, palm oil, salt, spice",2
0.3656517773705692,0.8954836573256202,0.3982852647853169,0.31428571428571433,1,4,"unpasteurized cream, egg powder, sulfite, artificial flavor",2
0.5274990706008769,0.3611154243193817,0.4482668577448242,0.23333333333333336,2,3,"fish extract, sesame oil, nitrate preservative",2
0.446471192797391,0.6795148206123371,0.31706499001339716,0.1285714285714286,2,5,"wheat flour, sugar, salt, soy lecithin, flavor",0
0.7835119651796333,0.7820185693287102,0.7301314952305379,0.31428571428571433,1,4,"unpasteurized cream, egg powder, sulfite, artificial flavor",2
0.7349577996584622,0.6282992074696214,0.41339975631465026,0.1285714285714286,2,5,"wheat flour, sugar, salt, soy lecithin, flavor",0
0.6204975349455621,0.7658019278472227,0.23653057641248543,0.1285714285714286,2,5,"wheat flour, sugar, salt, soy lecithin, flavor",1
0.7350266873818201,0.7243950999438015,0.3472176467764223,0.09285714285714287,2,4,"almond paste, sugar, cocoa butter, milk solids",0
0.5039664853770817,0.7278254635054016,0.38075914122428633,0.10833333333333335,0,4,"rice flour, palm oil, salt, spice",0
0.915476559819169,0.715142728285062,0.6693771158804482,0.1125,3,4,"corn flour, peanut oil, whey milk powder, salt",2
0.7038075050778123,0.5011342289640942,0.46397189709311565,0.23333333333333336,2,3,"fish extract, sesame oil, nitrate preservative",2
0.7000641656338996,0.4572399117297131,0.6024092903165815,0.1125,3,4,"corn flour, peanut oil, whey milk powder, salt",2
0.8708112093460608,0.417786180838572,0.6102387951769425,0.10833333333333335,0,4,"rice flour, palm oil, salt, spice",1
0.6170045985275349,0.5521604169712031,0.4875829586848364,0.1125,3,4,"corn flour, peanut oil, whey milk powder, salt",1
0.5190929826414532,0.8459180747301871,0.4761219408092655,0.1285714285714286,2,5,"wheat flour, sugar, salt, soy lecithin, flavor",1
0.7980667225255001,0.6851213266328957,0.6232724192110966,0.31428571428571433,1,4,"unpasteurized cream, egg powder, sulfite, artificial flavor",2
0.7032052446311301,0.42128777500987047,0.4428849131039296,0.23333333333333336,2,3,"fish extract, sesame oil, nitrate preservative",2
0.4232562277288554,0.37889470941828485,0.5239144736189502,0.09285714285714287,2,4,"almond paste, sugar, cocoa butter, milk solids",2
0.255198270395581,0.6056665879141009,0.19727046705390738,0.31428571428571433,1,4,"unpasteurized cream, egg powder, sulfite, artificial flavor",1
0.5243084981813596,0.44324081206815835,0.5015855532828014,0.1285714285714286,2,5,"wheat flour, sugar, salt, soy lecithin, flavor",2
0.3367576707262525,0.7059739225045554,0.6656318767727537,0.10833333333333335,0,4,"rice flour, palm oil, salt, spice",2
0.6538052674651471,0.6851957711613847,0.2731355449432913,0.10833333333333335,0,4,"rice flour, palm oil, salt, spice",0
0.5790720038441342,0.9184301317136527,0.9233891281427661,0.4142857142857143,1,4,"raw milk, sugar syrup, preservative benzoate, color",2
0.4352593701924017,0.7461346588654852,0.7135095557900208,0.1125,3,4,"corn flour, peanut oil, whey milk powder, salt",2
0.6887882028910378,0.5284932511467872,0.621952601019126,0.08333333333333333,3,4,"wheat gluten, soybean oil, stabilizer, emulsifier",2
0.6135719177662912,0.5164251861147378,0.7411341312725797,0.31428571428571433,1,4,"unpasteurized cream, egg powder, sulfite, artificial flavor",2
0.7317264109777598,0.41708266554828066,0.2700421880923357,0.08333333333333333,3,4,"wheat gluten, soybean oil, stabilizer, emulsifier",1
0.7415158683575246,0.7451968100588104,0.4658713363028719,0.1125,3,4,"corn flour, peanut oil, whey milk powder, salt",2
0.8463244908777233,0.5986797832801078,0.3191838102605312,0.1125,3,4,"corn flour, peanut oil, whey milk powder, salt",1
0.6227097353575755,0.48207899487868633,0.3042461282146165,0.1125,3,4,"corn flour, peanut oil, whey milk powder, salt",1
0.7139162982403118,0.39331978922067595,1.0,0.1285714285714286,2,5,"wheat flour, sugar, salt, soy lecithin, flavor",2
0.6918249688104194,0.8558626957934592,0.5142097245275088,0.1125,3,4,"corn flour, peanut oil, whey milk powder, salt",1
0.26816146485743225,0.4144976908616467,0.26380453958973527,0.1125,3,4,"corn flour, peanut oil, whey milk powder, salt",1
0.19629102811012195,0.2855608067825103,0.381817365317048,0.23333333333333336,2,3,"fish extract, sesame oil, nitrate preservative",2
0.6713535303972722,0.611116038380496,0.6966357241058005,0.1285714285714286,2,5,"wheat flour, sugar, salt, soy lecithin, flavor",2
0.5996546879983702,0.610693380163334,0.6125330144222221,0.1285714285714286,2,5,"wheat flour, sugar, salt, soy lecithin, flavor",2
0.5285050242149267,0.483511493132046,0.3201371523674076,0.08333333333333333,3,4,"wheat gluten, soybean oil, stabilizer, emulsifier",2
0.48062872488538233,0.4175510361350815,0.23371227988778653,0.1125,3,4,"corn flour, peanut oil, whey milk powder, salt",2
0.6141511805157217,0.377439996085346,0.677880504912444,0.1285714285714286,2,5,"wheat flour, sugar, salt, soy lecithin, flavor",2
0.7838200120594438,0.4425806020867774,0.41004220015406634,0.4142857142857143,1,4,"raw milk, sugar syrup, preservative benzoate, color",2
0.8056660601022206,0.5540074581732624,0.23619423224804936,0.1125,3,4,"corn flour, peanut oil, whey milk powder, salt",1
0.9398263148753039,0.549776055600422,0.008292190462293458,0.23333333333333336,2,3,"fish extract, sesame oil, nitrate preservative",0
0.950027602606841,0.8651840577090779,0.9028099435264444,0.23333333333333336,2,3,"fish extract, sesame oil, nitrate preservative",2
0.4700409828473919,0.5948578798833849,0.21995046567725884,0.31428571428571433,1,4,"unpasteurized cream, egg powder, sulfite, artificial flavor",1
0.47827559447454926,0.7297110560285233,0.6761582067673242,0.1285714285714286,2,5,"wheat flour, sugar, salt, soy lecithin, flavor",2
0.5439049018890504,0.4007767034114548,0.691328666472788,0.1285714285714286,2,5,"wheat flour, sugar, salt, soy lecithin, flavor",2
0.7901494054855589,0.3989561161165959,0.0,0.31428571428571433,1,4,"unpasteurized cream, egg powder, sulfite, artificial flavor",0
0.5277741109224316,0.39985507634697753,0.8613852645559714,0.1285714285714286,2,5,"wheat flour, sugar, salt, soy lecithin, flavor",2
0.6044007699455616,0.49131938178720524,0.47093773318111243,0.1285714285714286,2,5,"wheat flour, sugar, salt, soy lecithin, flavor",2
0.6760441363627008,0.6952058066078284,0.7572394239954376,0.31428571428571433,1,4,"unpasteurized cream, egg powder, sulfite, artificial flavor",2
0.7358751406453277,0.4910862490676778,0.0,0.23333333333333336,2,3,"fish extract, sesame oil, nitrate preservative",0
0.6956201811466647,0.5727599130680593,0.5405606755786461,0.1285714285714286,2,5,"wheat flour, sugar, salt, soy lecithin, flavor",2
0.3715638693252338,0.5445133291632553,0.5669758150190394,0.1125,3,4,"corn flour, peanut oil, whey milk powder, salt",2
0.3120091198648179,0.8319812434550056,0.3500447984433046,0.10833333333333335,0,4,"rice flour, palm oil, salt, spice",1
0.5941546216948581,0.7556107130798366,0.48827336882194605,0.10833333333333335,0,4,"rice flour, palm oil, salt, spice",1
0.62144230728593,0.6135997388828095,0.3274631280386604,0.4142857142857143,1,4,"raw milk, sugar syrup, preservative benzoate, color",2
0.4901822041097195,1.0,0.4802592306194439,0.08333333333333333,3,4,"wheat gluten, soybean oil, stabilizer, emulsifier",2
0.6466717754762834,0.2857271856709462,0.40164402978906977,0.09285714285714287,2,4,"almond paste, sugar, cocoa butter, milk solids",1
0.885480689572776,0.5943965555352543,0.8044184794624598,0.23333333333333336,2,3,"fish extract, sesame oil, nitrate preservative",2
0.58937240088509,1.0,0.39321283535889295,0.4142857142857143,1,4,"raw milk, sugar syrup, preservative benzoate, color",1
0.3821904870559738,1.0,0.6802784659759374,0.4142857142857143,1,4,"raw milk, sugar syrup, preservative benzoate, color",2
0.7237845933212007,0.9432254942751181,0.1594767767972195,0.1125,3,4,"corn flour, peanut oil, whey milk powder, salt",0
0.5167461508902914,0.15526346471827973,0.7332719850515327,0.08333333333333333,3,4,"wheat gluten, soybean oil, stabilizer, emulsifier",2
1.0,0.4793512616344784,0.4073463438154259,0.4142857142857143,1,4,"raw milk, sugar syrup, preservative benzoate, color",1
0.7777045235370137,0.43665739493797007,0.36118844863093125,0.4142857142857143,1,4,"raw milk, sugar syrup, preservative benzoate, color",2
0.23194891265913226,0.3049216401061784,0.8302718900419863,0.09285714285714287,2,4,"almond paste, sugar, cocoa butter, milk solids",2
0.4628047324132951,0.5159180685530036,0.5029120680163675,0.08333333333333333,3,4,"wheat gluten, soybean oil, stabilizer, emulsifier",2
0.44862915503931755,0.6045911509726778,0.4780363922910009,0.4142857142857143,1,4,"raw milk, sugar syrup, preservative benzoate, color",2
0.3786886684752724,0.6214257352542643,0.7401483962630439,0.4142857142857143,1,4,"raw milk, sugar syrup, preservative benzoate, color",2
0.5827409515381252,0.38302976944569966,0.4841603096632465,0.10833333333333335,0,4,"rice flour, palm oil, salt, spice",2
0.5785748688119774,0.37203920213031805,0.391705640471615,0.10833333333333335,0,4,"rice flour, palm oil, salt, spice",1
0.6873545909513653,0.6545687521498061,0.6955762996890226,0.08333333333333333,3,4,"wheat gluten, soybean oil, stabilizer, emulsifier",2
0.779254570387025,0.3631521871704081,0.3012224217532201,0.10833333333333335,0,4,"rice flour, palm oil, salt, spice",0
0.3951011891470303,0.4616616411654012,0.3956071546038114,0.1125,3,4,"corn flour, peanut oil, whey milk powder, salt",2
0.543157892492099,0.7856901700636663,0.5438323690748327,0.23333333333333336,2,3,"fish extract, sesame oil, nitrate preservative",2
0.5477881606912947,0.5508265765309732,0.5564282352575788,0.1125,3,4,"corn flour, peanut oil, whey milk powder, salt",2
0.9738080386546242,0.3809359070044863,0.6889901327991018,0.1285714285714286,2,5,"wheat flour, sugar, salt, soy lecithin, flavor",2
0.7387257807770573,0.803524712160781,0.31142119116896544,0.1285714285714286,2,5,"wheat flour, sugar, salt, soy lecithin, flavor",0
0.28943623283861336,0.29823870806313274,0.7305665070757956,0.23333333333333336,2,3,"fish extract, sesame oil, nitrate preservative",2
0.6413028656025174,0.4455175137137954,0.39641923528938205,0.31428571428571433,1,4,"unpasteurized cream, egg powder, sulfite, artificial flavor",2
0.3908879953918176,0.3689269574636336,0.5338975982727511,0.10833333333333335,0,4,"rice flour, palm oil, salt, spice",2
0.48028889033490785,0.7374753933839296,0.32748869543651005,0.1285714285714286,2,5,"wheat flour, sugar, salt, soy lecithin, flavor",2
0.3959212154244489,0.8156957621583463,0.35557305649988075,0.1125,3,4,"corn flour, peanut oil, whey milk powder, salt",2
0.41711702470652,0.4455523040914987,0.6718598651492231,0.1125,3,4,"corn flour, peanut oil, whey milk powder, salt",2
0.5872711934895967,0.5589316561926934,0.6668376671816945,0.08333333333333333,3,4,"wheat gluten, soybean oil, stabilizer, emulsifier",2
0.4536646755647675,0.597023988630333,0.7674061316294927,0.09285714285714287,2,4,"almond paste, sugar, cocoa butter, milk solids",2
0.740315295738861,0.6074581522072728,0.6647390549161449,0.31428571428571433,1,4,"unpasteurized cream, egg powder, sulfite, artificial flavor",2
0.4516564701588942,0.30025147785845774,0.573380782559965,0.1125,3,4,"corn flour, peanut oil, whey milk powder, salt",2
0.7237774472116223,0.6592223661784895,0.5533817396912496,0.1285714285714286,2,5,"wheat flour, sugar, salt, soy lecithin, flavor",2
0.674320451140032,0.40477111946272815,0.5813353036406086,0.1125,3,4,"corn flour, peanut oil, whey milk powder, salt",2
0.47945734294700343,0.5603664197985694,0.3628074478815409,0.09285714285714287,2,4,"almond paste, sugar, cocoa butter, milk solids",1
0.82783948652998,0.7631370349440096,0.6182354479300142,0.08333333333333333,3,4,"wheat gluten, soybean oil, stabilizer, emulsifier",2
0.5659357746176895,1.0,0.4499435286200915,0.1285714285714286,2,5,"wheat flour, sugar, salt, soy lecithin, flavor",1
0.6670186008108548,0.717122985577249,0.4749383935283215,0.1285714285714286,2,5,"wheat flour, sugar, salt, soy lecithin, flavor",2
0.6430468712340229,0.6040970772220399,0.30002050720698215,0.10833333333333335,0,4,"rice flour, palm oil, salt, spice",0
0.49051684871928836,0.3947051183703273,1.0,0.10833333333333335,0,4,"rice flour, palm oil, salt, spice",2
0.3377426242593718,0.41035570805348554,0.488655075315233,0.23333333333333336,2,3,"fish extract, sesame oil, nitrate preservative",2
0.7217906193197745,0.4210279386725341,0.57489689757034,0.4142857142857143,1,4,"raw milk, sugar syrup, preservative benzoate, color",2
0.48846426305747787,0.36645820509994814,0.2385544519883807,0.10833333333333335,0,4,"rice flour, palm oil, salt, spice",1
0.7757997665960634,0.5578626132048593,0.6708976937503323,0.10833333333333335,0,4,"rice flour, palm oil, salt, spice",0
0.7553557532481638,0.5854239660010061,0.6379641120328164,0.10833333333333335,0,4,"rice flour, palm oil, salt, spice",1
0.3303528404296116,0.4075891667634074,0.6242818018800407,0.10833333333333335,0,4,"rice flour, palm oil, salt, spice",2
0.35377039007126465,0.35378012650635715,0.34088814909301535,0.09285714285714287,2,4,"almond paste, sugar, cocoa butter, milk solids",2
0.3440306820947761,0.38563294071848925,0.5189758439695012,0.09285714285714287,2,4,"almond paste, sugar, cocoa butter, milk solids",2
0.5791553682050821,0.7617105632283632,0.21360845776902776,0.10833333333333335,0,4,"rice flour, palm oil, salt, spice",0
0.5247116897345143,0.4352660618283163,0.7559690791474243,0.23333333333333336,2,3,"fish extract, sesame oil, nitrate preservative",2
0.7988091045370022,0.6357930782254398,0.4245741763598359,0.23333333333333336,2,3,"fish extract, sesame oil, nitrate preservative",1
0.7837589077804453,0.44033089242699636,0.5090653346919564,0.1285714285714286,2,5,"wheat flour, sugar, salt, soy lecithin, flavor",1
0.7267466654951612,0.3449641611111649,0.7237349506123283,0.10833333333333335,0,4,"rice flour, palm oil, salt, spice",2
0.81748730858649,0.9968186161595463,0.7204034733008697,0.1125,3,4,"corn flour, peanut oil, whey milk powder, salt",2
0.6153668486884658,0.21769901605229802,0.09429350074314452,0.23333333333333336,2,3,"fish extract, sesame oil, nitrate preservative",1
0.43537626990107675,0.537450663206265,0.6354287633294834,0.4142857142857143,1,4,"raw milk, sugar syrup, preservative benzoate, color",2
0.5192020283495307,0.8519741366240632,0.2634365563512976,0.08333333333333333,3,4,"wheat gluten, soybean oil, stabilizer, emulsifier",1
0.6982428767729915,0.7694655014405735,0.6630819887367048,0.09285714285714287,2,4,"almond paste, sugar, cocoa butter, milk solids",2
0.39271316398656786,0.7727319413482598,0.3124075147803396,0.08333333333333333,3,4,"wheat gluten, soybean oil, stabilizer, emulsifier",1
0.6873220605965246,0.6173913352120382,0.3143618047245609,0.10833333333333335,0,4,"rice flour, palm oil, salt, spice",0
0.7570227623931183,0.5871669155037832,0.7528629050107198,0.1285714285714286,2,5,"wheat flour, sugar, salt, soy lecithin, flavor",2
0.7739033425807391,0.47592587806777864,0.5752407606326246,0.1125,3,4,"corn flour, peanut oil, whey milk powder, salt",2
0.8959743078420643,0.37468703516336066,0.42576545409664157,0.4142857142857143,1,4,"raw milk, sugar syrup, preservative benzoate, color",2
0.6594935151457672,0.8723820954934981,0.3920983246473837,0.09285714285714287,2,4,"almond paste, sugar, cocoa butter, milk solids",1
0.10510163051306004,0.5422141599030319,0.4311306970962348,0.10833333333333335,0,4,"rice flour, palm oil, salt, spice",1
0.541276137307711,0.5145045025812826,0.41701756754640434,0.4142857142857143,1,4,"raw milk, sugar syrup, preservative benzoate, color",1
0.396242440786147,0.7422186972240433,0.03581085768640618,0.1125,3,4,"corn flour, peanut oil, whey milk powder, salt",0
0.9138519361124817,0.7037207530992738,0.37742248404831813,0.1125,3,4,"corn flour, peanut oil, whey milk powder, salt",1
0.4667071523097984,0.7518199607468011,0.20104700589693658,0.1125,3,4,"corn flour, peanut oil, whey milk powder, salt",1
0.4148692366305714,0.5065712773847373,0.5610157195384473,0.23333333333333336,2,3,"fish extract, sesame oil, nitrate preservative",2
0.6997116310791582,0.43340122326718655,0.6364819266648988,0.10833333333333335,0,4,"rice flour, palm oil, salt, spice",1
0.520551183774129,0.5803081591530532,0.6210558234674138,0.10833333333333335,0,4,"rice flour, palm oil, salt, spice",2
0.7690956759236726,0.7451979899631683,1.0,0.1125,3,4,"corn flour, peanut oil, whey milk powder, salt",2
0.7267227133778977,0.3482068044823494,0.40234163998787364,0.23333333333333336,2,3,"fish extract, sesame oil, nitrate preservative",1
0.716570515899521,0.5151650875557603,0.5304091536043466,0.1125,3,4,"corn flour, peanut oil, whey milk powder, salt",2
0.5708902194525756,0.41600098062435553,0.7497604409637015,0.4142857142857143,1,4,"raw milk, sugar syrup, preservative benzoate, color",2
0.3108737727068312,0.4873692122183439,0.5364134016436877,0.08333333333333333,3,4,"wheat gluten, soybean oil, stabilizer, emulsifier",2
0.6511030802115853,0.6670495062717713,0.5141100965231938,0.1125,3,4,"corn flour, peanut oil, whey milk powder, salt",1
0.5529724096125742,0.5537982373280217,0.49237056499591025,0.09285714285714287,2,4,"almond paste, sugar, cocoa butter, milk solids",1
0.6101170175560473,0.4937260016188598,0.44569876498745115,0.09285714285714287,2,4,"almond paste, sugar, cocoa butter, milk solids",1
0.4057877063312459,0.22439155720975779,0.4234026460159315,0.23333333333333336,2,3,"fish extract, sesame oil, nitrate preservative",2
0.7407830830370532,0.2563472480262306,0.44887920733711034,0.1285714285714286,2,5,"wheat flour, sugar, salt, soy lecithin, flavor",2
0.6319664010462466,0.6578609105885749,0.2982492317786326,0.09285714285714287,2,4,"almond paste, sugar, cocoa butter, milk solids",1
0.7486207715946587,0.3888563666774416,0.42406548920656245,0.23333333333333336,2,3,"fish extract, sesame oil, nitrate preservative",1
0.48813684583600064,0.44511702140579146,0.2756914082031625,0.08333333333333333,3,4,"wheat gluten, soybean oil, stabilizer, emulsifier",1
0.19334150203602996,0.5931015938603513,0.29576869122641397,0.31428571428571433,1,4,"unpasteurized cream, egg powder, sulfite, artificial flavor",2
0.36926677540884023,0.556001307706188,0.4377040676449687,0.1285714285714286,2,5,"wheat flour, sugar, salt, soy lecithin, flavor",2
0.5540704484961382,0.2427455371911511,0.17501424803857307,0.23333333333333336,2,3,"fish extract, sesame oil, nitrate preservative",1
0.5985096208926743,0.42835041056017664,0.6375466247274824,0.09285714285714287,2,4,"almond paste, sugar, cocoa butter, milk solids",2
0.5499426672621763,0.5951719672633106,0.5714746381414085,0.10833333333333335,0,4,"rice flour, palm oil, salt, spice",2
0.47959631879938447,0.53530426768192,0.5937472683002738,0.08333333333333333,3,4,"wheat gluten, soybean oil, stabilizer, emulsifier",2
0.32113370825803617,0.44783308818939693,0.2637854692020838,0.1285714285714286,2,5,"wheat flour, sugar, salt, soy lecithin, flavor",1
0.4567778084992944,0.34058165584670913,0.6284330399644487,0.09285714285714287,2,4,"almond paste, sugar, cocoa butter, milk solids",2
0.5531588464986382,0.17835146757749293,0.3912452109598073,0.31428571428571433,1,4,"unpasteurized cream, egg powder, sulfite, artificial flavor",2
0.7484888201305384,0.4073905836617373,0.7314080693160543,0.1125,3,4,"corn flour, peanut oil, whey milk powder, salt",2
0.7277391358148178,0.8842242457126495,0.608555037400413,0.08333333333333333,3,4,"wheat gluten, soybean oil, stabilizer, emulsifier",1
0.20486692562600245,0.14551058879130419,0.5284700981170911,0.1125,3,4,"corn flour, peanut oil, whey milk powder, salt",2
0.6117958645494092,0.573026273501562,0.70777149107886,0.4142857142857143,1,4,"raw milk, sugar syrup, preservative benzoate, color",2
0.8211109863001892,0.5515988059097627,0.4746263011423861,0.23333333333333336,2,3,"fish extract, sesame oil, nitrate preservative",2
1.0,0.6250514956333473,0.5837824356242881,0.1285714285714286,2,5,"wheat flour, sugar, salt, soy lecithin, flavor",1
0.9378845655596956,0.7085014823345214,0.14688768461913682,0.1125,3,4,"corn flour, peanut oil, whey milk powder, salt",0
0.6192879131110782,0.2941492055649467,0.615764443987257,0.31428571428571433,1,4,"unpasteurized cream, egg powder, sulfite, artificial flavor",2
0.6180305348388253,0.4931801989278434,0.9235028163818875,0.08333333333333333,3,4,"wheat gluten, soybean oil, stabilizer, emulsifier",2
0.6115159880463938,0.47531140673009703,0.743321384130613,0.1125,3,4,"corn flour, peanut oil, whey milk powder, salt",2
0.5241592905637741,0.7457185727329929,0.3815741990303371,0.31428571428571433,1,4,"unpasteurized cream, egg powder, sulfite, artificial flavor",1
0.72675426212217,0.9381733878363738,0.6586695820159543,0.1285714285714286,2,5,"wheat flour, sugar, salt, soy lecithin, flavor",2
0.4477016154880804,0.5972648564056402,0.2925048166387343,0.31428571428571433,1,4,"unpasteurized cream, egg powder, sulfite, artificial flavor",1
0.6183277103585937,0.2674717954797557,0.21069359678169425,0.23333333333333336,2,3,"fish extract, sesame oil, nitrate preservative",1
0.6884614661891262,0.9627789071313337,0.7997408136800468,0.1125,3,4,"corn flour, peanut oil, whey milk powder, salt",1
0.7685520750626365,0.2409400108942485,0.43329564432369055,0.31428571428571433,1,4,"unpasteurized cream, egg powder, sulfite, artificial flavor",2
0.6990780319682613,0.2881809895224029,0.6343632742751627,0.09285714285714287,2,4,"almond paste, sugar, cocoa butter, milk solids",1
0.8048322184920087,0.553678843114264,0.3902337390083719,0.31428571428571433,1,4,"unpasteurized cream, egg powder, sulfite, artificial flavor",1
0.7754553267155846,0.81200793857339,0.6923553342582052,0.1125,3,4,"corn flour, peanut oil, whey milk powder, salt",2
0.6477951568409649,0.5679017999527629,0.44780286179857154,0.1125,3,4,"corn flour, peanut oil, whey milk powder, salt",1
0.42804392841243444,0.4935971036129581,0.5531194751125345,0.09285714285714287,2,4,"almond paste, sugar, cocoa butter, milk solids",2
0.7806257323579795,0.7658631312864241,0.44908170450846596,0.31428571428571433,1,4,"unpasteurized cream, egg powder, sulfite, artificial flavor",1
0.5561649524895249,0.8144271788156954,0.639885534418505,0.10833333333333335,0,4,"rice flour, palm oil, salt, spice",1
0.8966601891282984,0.5137537930906598,0.5984973066209149,0.08333333333333333,3,4,"wheat gluten, soybean oil, stabilizer, emulsifier",2
0.4134078781503719,0.6521415898427029,0.19335626655238236,0.31428571428571433,1,4,"unpasteurized cream, egg powder, sulfite, artificial flavor",1
0.6642161322555045,0.4891044384506946,0.5982214246739412,0.31428571428571433,1,4,"unpasteurized cream, egg powder, sulfite, artificial flavor",2
0.6022641304233299,0.6813637053440276,0.33997909705499096,0.08333333333333333,3,4,"wheat gluten, soybean oil, stabilizer, emulsifier",1
0.314591392571954,0.36590884875014007,0.8450054183540431,0.1125,3,4,"corn flour, peanut oil, whey milk powder, salt",2
0.3617541057477499,0.24192912483031792,0.4753239419756715,0.4142857142857143,1,4,"raw milk, sugar syrup, preservative benzoate, color",2
0.8352599196127228,0.6203861541637316,0.6036751007260966,0.1125,3,4,"corn flour, peanut oil, whey milk powder, salt",1
0.7687541259149564,0.4830135925452786,0.6898803397943998,0.23333333333333336,2,3,"fish extract, sesame oil, nitrate preservative",2
0.6633605317087736,0.5191933366848267,0.5889999424789545,0.31428571428571433,1,4,"unpasteurized cream, egg powder, sulfite, artificial flavor",2
0.4831692444525697,0.871096676558793,0.7307696305995173,0.23333333333333336,2,3,"fish extract, sesame oil, nitrate preservative",2
0.4663178061537924,0.3130630712675352,0.7274380771077747,0.09285714285714287,2,4,"almond paste, sugar, cocoa butter, milk solids",2
0.7668340644437774,0.49945553748538835,0.45345974732228367,0.31428571428571433,1,4,"unpasteurized cream, egg powder, sulfite, artificial flavor",2
0.4512582281707965,0.6935451217500127,0.5249415183655491,0.1285714285714286,2,5,"wheat flour, sugar, salt, soy lecithin, flavor",1
0.5694225929556469,0.8262558031117853,0.8688508556140533,0.09285714285714287,2,4,"almond paste, sugar, cocoa butter, milk solids",2
0.6883092424420598,0.7201721807718386,0.6596557563301189,0.08333333333333333,3,4,"wheat gluten, soybean oil, stabilizer, emulsifier",2
0.6653873542645555,0.5355175322338913,0.36615915090111595,0.4142857142857143,1,4,"raw milk, sugar syrup, preservative benzoate, color",1
0.6334895118573939,0.6615151685649633,0.20574038747556328,0.08333333333333333,3,4,"wheat gluten, soybean oil, stabilizer, emulsifier",1
0.9698181170317398,0.5656900261555823,0.486433629774561,0.08333333333333333,3,4,"wheat gluten, soybean oil, stabilizer, emulsifier",1
0.4157434028940196,0.5906413866787811,0.3240753670945183,0.08333333333333333,3,4,"wheat gluten, soybean oil, stabilizer, emulsifier",1
0.591073744581251,0.8194646483227118,0.8962179321515221,0.10833333333333335,0,4,"rice flour, palm oil, salt, spice",2
1.0,0.464489103734096,0.3743500988408578,0.08333333333333333,3,4,"wheat gluten, soybean oil, stabilizer, emulsifier",0
0.8512964824640539,0.7436491184742589,1.0,0.1285714285714286,2,5,"wheat flour, sugar, salt, soy lecithin, flavor",2
0.6126243933059029,0.7112200433600273,0.13748902895701637,0.1125,3,4,"corn flour, peanut oil, whey milk powder, salt",1
0.7415730152397294,0.5422179930427565,0.6419247912854467,0.1125,3,4,"corn flour, peanut oil, whey milk powder, salt",2
0.5165799695474287,0.17945442766194442,0.6895868687247407,0.1125,3,4,"corn flour, peanut oil, whey milk powder, salt",2
0.4737580530425085,0.6196406031889639,0.441581095581568,0.1285714285714286,2,5,"wheat flour, sugar, salt, soy lecithin, flavor",2
0.44098347190422554,0.7604149772047486,0.48594847127261165,0.09285714285714287,2,4,"almond paste, sugar, cocoa butter, milk solids",2
0.6083357936629452,0.3647843919299016,0.7699269928159065,0.31428571428571433,1,4,"unpasteurized cream, egg powder, sulfite, artificial flavor",2
0.8143081221962254,0.41944074123084113,0.47200427202323675,0.31428571428571433,1,4,"unpasteurized cream, egg powder, sulfite, artificial flavor",2
0.3676656233551887,0.49728196996835133,0.7940034807329013,0.09285714285714287,2,4,"almond paste, sugar, cocoa butter, milk solids",2
0.31994890590031166,0.8829552117496544,0.4801298177438714,0.09285714285714287,2,4,"almond paste, sugar, cocoa butter, milk solids",1
0.5506814823185394,0.2545384491365336,0.8130809328925563,0.08333333333333333,3,4,"wheat gluten, soybean oil, stabilizer, emulsifier",2
0.6092973086005167,0.835906394913688,0.5564727897894788,0.23333333333333336,2,3,"fish extract, sesame oil, nitrate preservative",2
0.7294367482959005,0.6746582132503942,0.5765455849801964,0.08333333333333333,3,4,"wheat gluten, soybean oil, stabilizer, emulsifier",1
0.43675134268273785,0.550861528468632,0.503274892545671,0.1285714285714286,2,5,"wheat flour, sugar, salt, soy lecithin, flavor",2
0.5226949237389897,0.6129492611179176,0.4628546312553474,0.1285714285714286,2,5,"wheat flour, sugar, salt, soy lecithin, flavor",1
0.40189824005457264,0.2031228475102198,0.5301121305516647,0.4142857142857143,1,4,"raw milk, sugar syrup, preservative benzoate, color",2
0.6948056475788237,0.6634341414039389,0.07483041539306567,0.09285714285714287,2,4,"almond paste, sugar, cocoa butter, milk solids",0
0.4115024231861335,0.6721682062273379,0.34887372323351384,0.31428571428571433,1,4,"unpasteurized cream, egg powder, sulfite, artificial flavor",2
0.48601424359075307,0.662308230923929,0.5300903058096738,0.1285714285714286,2,5,"wheat flour, sugar, salt, soy lecithin, flavor",2
0.6481993555486519,0.307456240191482,0.5940458292665844,0.10833333333333335,0,4,"rice flour, palm oil, salt, spice",2
0.8430306092271621,0.6936695773788326,0.48116639449694754,0.08333333333333333,3,4,"wheat gluten, soybean oil, stabilizer, emulsifier",0
0.8309027140984884,0.39204878397504406,0.3461645384039097,0.23333333333333336,2,3,"fish extract, sesame oil, nitrate preservative",1
0.40883167340762017,0.30464625308967275,0.4888957039880872,0.1285714285714286,2,5,"wheat flour, sugar, salt, soy lecithin, flavor",2
0.45938561529353894,0.6544720427668937,0.4489323480910214,0.1125,3,4,"corn flour, peanut oil, whey milk powder, salt",2
0.707450261515599,0.521592078353412,0.43878417093942196,0.23333333333333336,2,3,"fish extract, sesame oil, nitrate preservative",2
0.5735267700884512,0.5661215551241043,0.3280061494586678,0.23333333333333336,2,3,"fish extract, sesame oil, nitrate preservative",1
0.7384465503540254,0.6389884125089244,0.6001656564516468,0.31428571428571433,1,4,"unpasteurized cream, egg powder, sulfite, artificial flavor",2
0.7253541403480984,0.7370217522045568,0.7004701611419425,0.09285714285714287,2,4,"almond paste, sugar, cocoa butter, milk solids",1
0.8496586913835908,0.5956921363464642,0.6391227623644756,0.23333333333333336,2,3,"fish extract, sesame oil, nitrate preservative",2
0.46756464175494244,0.6902701676689653,1.0,0.08333333333333333,3,4,"wheat gluten, soybean oil, stabilizer, emulsifier",2
0.6127790487764907,0.46075894713054755,0.3926356216563744,0.31428571428571433,1,4,"unpasteurized cream, egg powder, sulfite, artificial flavor",2
0.514665514794055,0.23250143525373979,0.3333254206007056,0.10833333333333335,0,4,"rice flour, palm oil, salt, spice",0
0.7137248458581471,1.0,0.4193306653968851,0.1125,3,4,"corn flour, peanut oil, whey milk powder, salt",0
0.4691535073925718,0.8098693861107081,0.43795360948621215,0.10833333333333335,0,4,"rice flour, palm oil, salt, spice",0
0.5679676399657764,0.7015553521872375,0.4499674612337556,0.10833333333333335,0,4,"rice flour, palm oil, salt, spice",0
0.5739327757220639,0.29562896309982306,0.5873469525046756,0.1285714285714286,2,5,"wheat flour, sugar, salt, soy lecithin, flavor",2
0.5200581382142072,0.7018770417661487,0.5666706222451977,0.1125,3,4,"corn flour, peanut oil, whey milk powder, salt",2
0.810554312577393,0.7349398393539585,0.5981510209344885,0.09285714285714287,2,4,"almond paste, sugar, cocoa butter, milk solids",1
0.7350762397926438,0.462107297330622,0.20434223942790664,0.31428571428571433,1,4,"unpasteurized cream, egg powder, sulfite, artificial flavor",1
0.7962849584049417,0.3627357449909413,0.30058516695902404,0.08333333333333333,3,4,"wheat gluten, soybean oil, stabilizer, emulsifier",1
0.5871899420064444,0.17284767788577438,0.582523796025922,0.23333333333333336,2,3,"fish extract, sesame oil, nitrate preservative",2
0.8433026471148193,0.914975803561423,0.23255559893616845,0.09285714285714287,2,4,"almond paste, sugar, cocoa butter, milk solids",0
0.607672054154167,0.9062453855163137,0.39156883147863164,0.4142857142857143,1,4,"raw milk, sugar syrup, preservative benzoate, color",1
0.5325379525107136,0.6944403417932916,0.17502854767526593,0.10833333333333335,0,4,"rice flour, palm oil, salt, spice",0
0.30127256910124717,0.3389132438088591,0.6846242981334979,0.23333333333333336,2,3,"fish extract, sesame oil, nitrate preservative",2
0.4652250676834348,0.5058687853517435,0.5662448967621526,0.1125,3,4,"corn flour, peanut oil, whey milk powder, salt",2
0.1274735968625756,0.3836477651474381,0.5350011732815813,0.4142857142857143,1,4,"raw milk, sugar syrup, preservative benzoate, color",2
0.6481572515027797,0.4890264274013186,0.38409229688282104,0.1125,3,4,"corn flour, peanut oil, whey milk powder, salt",1
0.8067736229680936,0.40359841341885716,0.4861825209083298,0.4142857142857143,1,4,"raw milk, sugar syrup, preservative benzoate, color",2
0.5459445135174636,0.7417613312021922,0.7710354687183049,0.23333333333333336,2,3,"fish extract, sesame oil, nitrate preservative",2
0.5620705837661827,0.4841892655903568,0.44371891046663187,0.09285714285714287,2,4,"almond paste, sugar, cocoa butter, milk solids",2
0.6423521476505765,0.32495529792403305,0.2871521829774484,0.31428571428571433,1,4,"unpasteurized cream, egg powder, sulfite, artificial flavor",2
0.5679913694480359,0.395045600884328,0.8148418164296454,0.23333333333333336,2,3,"fish extract, sesame oil, nitrate preservative",2
0.5751515264493239,0.4862653818846392,0.4626909980505961,0.23333333333333336,2,3,"fish extract, sesame oil, nitrate preservative",1
0.5841730663044185,0.6092066154085235,0.9071019114456258,0.09285714285714287,2,4,"almond paste, sugar, cocoa butter, milk solids",2
0.5830826220987682,1.0,0.6906005716967087,0.31428571428571433,1,4,"unpasteurized cream, egg powder, sulfite, artificial flavor",2
0.7063991725975002,0.401597315022052,0.20216234569969133,0.10833333333333335,0,4,"rice flour, palm oil, salt, spice",0
0.2630120095619887,0.32016814189227283,0.502273823900118,0.4142857142857143,1,4,"raw milk, sugar syrup, preservative benzoate, color",2
0.6710660288062963,0.30706633453828774,0.6571050246817262,0.08333333333333333,3,4,"wheat gluten, soybean oil, stabilizer, emulsifier",2
0.291163508811903,0.3314891459233175,0.5918215766670024,0.1285714285714286,2,5,"wheat flour, sugar, salt, soy lecithin, flavor",2
0.6567077465009107,0.6625715840364783,0.5038581183680728,0.1285714285714286,2,5,"wheat flour, sugar, salt, soy lecithin, flavor",1
0.3818562504033702,0.2942580064446257,0.5883847622503442,0.08333333333333333,3,4,"wheat gluten, soybean oil, stabilizer, emulsifier",2
0.6575197212102051,0.2896354495557805,0.565204264425686,0.10833333333333335,0,4,"rice flour, palm oil, salt, spice",1
0.6582694012042317,0.7971565785988284,0.3337577223864576,0.23333333333333336,2,3,"fish extract, sesame oil, nitrate preservative",1
0.4234043115390699,0.4672789514511164,0.4423370709961816,0.4142857142857143,1,4,"raw milk, sugar syrup, preservative benzoate, color",2
0.3455668817425225,0.08205037685852057,0.2676037780292393,0.1285714285714286,2,5,"wheat flour, sugar, salt, soy lecithin, flavor",2
0.31227026423760906,0.276375430749339,0.8939976856712413,0.1125,3,4,"corn flour, peanut oil, whey milk powder, salt",2
0.715617086370089,0.6825052259562561,0.16509086926622685,0.1125,3,4,"corn flour, peanut oil, whey milk powder, salt",0
0.3087190914866894,1.0,0.14912744191656796,0.31428571428571433,1,4,"unpasteurized cream, egg powder, sulfite, artificial flavor",0
0.33060111418988153,0.8205187819513091,1.0,0.23333333333333336,2,3,"fish extract, sesame oil, nitrate preservative",2
0.3623238335680062,0.1026149002547958,0.4462960819251377,0.23333333333333336,2,3,"fish extract, sesame oil, nitrate preservative",2
0.6398475457157211,0.6290346285630973,0.5710783167463381,0.4142857142857143,1,4,"raw milk, sugar syrup, preservative benzoate, color",2
0.40170807067663283,0.6831666195613433,0.5027530270727367,0.1125,3,4,"corn flour, peanut oil, whey milk powder, salt",2
0.3440828275715192,0.2631555585084794,0.33378104187708374,0.08333333333333333,3,4,"wheat gluten, soybean oil, stabilizer, emulsifier",2
0.7359453196756981,0.6202619351975835,0.7418204786327683,0.1285714285714286,2,5,"wheat flour, sugar, salt, soy lecithin, flavor",2
0.8159513604619506,0.6439454679470098,0.5149822119562981,0.23333333333333336,2,3,"fish extract, sesame oil, nitrate preservative",2
0.6207325589675022,0.4891318790164157,0.3156788830689171,0.23333333333333336,2,3,"fish extract, sesame oil, nitrate preservative",2
0.5908942677419826,0.8115831247559677,0.06659669296625331,0.09285714285714287,2,4,"almond paste, sugar, cocoa butter, milk solids",0
0.5927829158212015,0.40460112551853067,1.0,0.09285714285714287,2,4,"almond paste, sugar, cocoa butter, milk solids",2
0.6046731804180309,0.14943725229483412,0.33282905642411864,0.23333333333333336,2,3,"fish extract, sesame oil, nitrate preservative",2
0.4867898361121005,0.3842249674399457,0.788095640033168,0.4142857142857143,1,4,"raw milk, sugar syrup, preservative benzoate, color",2
0.5180788798730399,0.5021057869767354,0.323087008453509,0.4142857142857143,1,4,"raw milk, sugar syrup, preservative benzoate, color",2
0.41200503210448214,0.42638911864295853,0.2723613820493561,0.10833333333333335,0,4,"rice flour, palm oil, salt, spice",0
0.6422272045608186,0.8901585516856634,0.35296555896196546,0.4142857142857143,1,4,"raw milk, sugar syrup, preservative benzoate, color",1
0.6562882642694643,0.49923248777489343,0.6637533895249288,0.09285714285714287,2,4,"almond paste, sugar, cocoa butter, milk solids",2
0.5539848530913968,0.478493978289093,0.19909414226464694,0.1285714285714286,2,5,"wheat flour, sugar, salt, soy lecithin, flavor",1
0.48803864569769617,0.3252056475141132,0.5967832726712862,0.1285714285714286,2,5,"wheat flour, sugar, salt, soy lecithin, flavor",2
0.6510194584340346,0.343177772094058,0.4329171223933843,0.1285714285714286,2,5,"wheat flour, sugar, salt, soy lecithin, flavor",1
0.7083412167491594,0.4142423652315644,0.7225652910154623,0.10833333333333335,0,4,"rice flour, palm oil, salt, spice",1
0.3744050527778706,0.60064090205907,0.6969480484897597,0.1125,3,4,"corn flour, peanut oil, whey milk powder, salt",2
1.0,0.8359574904940836,0.43234389176225657,0.09285714285714287,2,4,"almond paste, sugar, cocoa butter, milk solids",0
0.44915654752337664,0.7832576613064974,0.5795521148055884,0.1125,3,4,"corn flour, peanut oil, whey milk powder, salt",2
0.7236516601987469,0.8945659766738119,0.5376101774812512,0.23333333333333336,2,3,"fish extract, sesame oil, nitrate preservative",1
0.7741590748784043,0.4858040319232556,0.5011410187049844,0.10833333333333335,0,4,"rice flour, palm oil, salt, spice",1
0.6651263300288969,0.27868002981217727,0.16065338628365677,0.10833333333333335,0,4,"rice flour, palm oil, salt, spice",0
0.48411167748494954,0.6769421284180009,0.4628355856085576,0.1125,3,4,"corn flour, peanut oil, whey milk powder, salt",2
0.3796253861923929,0.457671559415811,0.6291966855838649,0.31428571428571433,1,4,"unpasteurized cream, egg powder, sulfite, artificial flavor",2
0.6290992295483196,0.9897695706964664,0.4961284555637596,0.1125,3,4,"corn flour, peanut oil, whey milk powder, salt",1
0.5687227699148112,0.5684354215053666,0.46674295624807915,0.09285714285714287,2,4,"almond paste, sugar, cocoa butter, milk solids",1
0.42672651448452875,0.5201329525857006,0.46364104659506394,0.1285714285714286,2,5,"wheat flour, sugar, salt, soy lecithin, flavor",2
0.5681375545062414,0.5622029710828411,0.6956709604353956,0.09285714285714287,2,4,"almond paste, sugar, cocoa butter, milk solids",2
0.5025119457418942,0.6644191447196964,0.5826606654747185,0.1285714285714286,2,5,"wheat flour, sugar, salt, soy lecithin, flavor",2
0.7284228832400078,0.6677471245762293,0.47834817009528835,0.1285714285714286,2,5,"wheat flour, sugar, salt, soy lecithin, flavor",1
0.482626577507497,0.4243184442606269,0.5399149075490797,0.1285714285714286,2,5,"wheat flour, sugar, salt, soy lecithin, flavor",2
0.45166083013247915,0.5350474873173384,0.47932026966966734,0.1285714285714286,2,5,"wheat flour, sugar, salt, soy lecithin, flavor",1
0.5716827900872761,0.5179414114353962,0.8115011404069989,0.23333333333333336,2,3,"fish extract, sesame oil, nitrate preservative",2
0.4515679371831697,0.027560840336133263,0.39419833344168903,0.1285714285714286,2,5,"wheat flour, sugar, salt, soy lecithin, flavor",2
0.7993819211070767,0.7221235044673927,0.5171284793388069,0.4142857142857143,1,4,"raw milk, sugar syrup, preservative benzoate, color",2
0.7847141402592355,0.5460484280328297,0.3199805914379393,0.1125,3,4,"corn flour, peanut oil, whey milk powder, salt",0
0.7358358510910695,1.0,0.5135542761616847,0.31428571428571433,1,4,"unpasteurized cream, egg powder, sulfite, artificial flavor",1
0.3867062625088415,0.6603909792611198,0.11178446847546092,0.08333333333333333,3,4,"wheat gluten, soybean oil, stabilizer, emulsifier",1
0.6785303015819155,0.5060676656122886,0.6242869437802991,0.1125,3,4,"corn flour, peanut oil, whey milk powder, salt",2
0.45993770846509346,0.9200824644750052,0.4226305364856864,0.09285714285714287,2,4,"almond paste, sugar, cocoa butter, milk solids",1
0.8297647589005672,0.8437527489309165,0.5065634331678605,0.09285714285714287,2,4,"almond paste, sugar, cocoa butter, milk solids",1
0.7005327326893612,0.4214432860718552,0.6203669071966549,0.1285714285714286,2,5,"wheat flour, sugar, salt, soy lecithin, flavor",2
0.8028497657782138,0.7449315381400405,0.3445973895345256,0.4142857142857143,1,4,"raw milk, sugar syrup, preservative benzoate, color",1
0.483792611557619,0.6965279132930982,0.28000334822171263,0.10833333333333335,0,4,"rice flour, palm oil, salt, spice",0
0.584115818947242,0.7520127393729856,0.43305176271224566,0.31428571428571433,1,4,"unpasteurized cream, egg powder, sulfite, artificial flavor",1
0.42409567839626583,0.7534354695240411,0.3313655016646485,0.4142857142857143,1,4,"raw milk, sugar syrup, preservative benzoate, color",2
0.4104990486399007,0.4281793712353359,0.8042318925889615,0.31428571428571433,1,4,"unpasteurized cream, egg powder, sulfite, artificial flavor",2
0.41835293855396843,0.6110656574697384,0.46785491304920007,0.10833333333333335,0,4,"rice flour, palm oil, salt, spice",2
0.5314875275280544,0.8340055835574209,0.09497204319557401,0.23333333333333336,2,3,"fish extract, sesame oil, nitrate preservative",0
0.958997129042593,0.5267601431280492,0.11867377017742264,0.23333333333333336,2,3,"fish extract, sesame oil, nitrate preservative",0
0.6676925273377388,0.38222877809749645,0.34924658242061474,0.08333333333333333,3,4,"wheat gluten, soybean oil, stabilizer, emulsifier",1
0.6650156191297193,0.8176392265877307,0.7315330628158176,0.4142857142857143,1,4,"raw milk, sugar syrup, preservative benzoate, color",2
0.36097214748118056,0.6566504042427528,0.20399635845476327,0.1125,3,4,"corn flour, peanut oil, whey milk powder, salt",1
0.6547470803135118,0.32248120092746224,0.27466228644105006,0.31428571428571433,1,4,"unpasteurized cream, egg powder, sulfite, artificial flavor",1
0.7910733786744761,0.6714106869541104,0.5162044508982828,0.10833333333333335,0,4,"rice flour, palm oil, salt, spice",0
0.40723674074798655,0.44782458233417055,0.5901858286957248,0.31428571428571433,1,4,"unpasteurized cream, egg powder, sulfite, artificial flavor",2
0.45857813491184946,0.7909015103212312,0.5174273105169107,0.08333333333333333,3,4,"wheat gluten, soybean oil, stabilizer, emulsifier",1
1.0,0.5442116535370471,0.5845534710489497,0.09285714285714287,2,4,"almond paste, sugar, cocoa butter, milk solids",1
0.469036737272149,0.9743349970131882,0.7207052913159051,0.08333333333333333,3,4,"wheat gluten, soybean oil, stabilizer, emulsifier",2
0.7037320545092779,0.3493365219276631,0.7810566421828602,0.08333333333333333,3,4,"wheat gluten, soybean oil, stabilizer, emulsifier",2
0.3049098170163776,0.1418282298704961,0.5700240645836853,0.31428571428571433,1,4,"unpasteurized cream, egg powder, sulfite, artificial flavor",2
0.24194983716649082,0.6581219005894152,0.9664177696311735,0.31428571428571433,1,4,"unpasteurized cream, egg powder, sulfite, artificial flavor",2
0.6015921552054502,0.7275412513567827,0.7468681643636795,0.23333333333333336,2,3,"fish extract, sesame oil, nitrate preservative",2
0.6061519888304233,0.6101229613529073,0.621852790461343,0.1285714285714286,2,5,"wheat flour, sugar, salt, soy lecithin, flavor",2
0.6091836071094933,0.8259664659508776,0.7660945545374349,0.09285714285714287,2,4,"almond paste, sugar, cocoa butter, milk solids",2
0.9094396326041272,0.47271084755471665,0.8570541586984637,0.09285714285714287,2,4,"almond paste, sugar, cocoa butter, milk solids",2
0.385353253179154,0.41213094955653173,0.5921355222041205,0.1285714285714286,2,5,"wheat flour, sugar, salt, soy lecithin, flavor",2
0.9510250171515033,0.4163250633400932,0.6990820741126546,0.1125,3,4,"corn flour, peanut oil, whey milk powder, salt",2
0.42702065845362236,0.8315517610508396,0.7704514848893911,0.23333333333333336,2,3,"fish extract, sesame oil, nitrate preservative",2
0.6367825836976118,0.5952216020088743,0.4826781257073369,0.08333333333333333,3,4,"wheat gluten, soybean oil, stabilizer, emulsifier",2
0.4472655044365246,0.3402816710344816,0.33455202419649577,0.08333333333333333,3,4,"wheat gluten, soybean oil, stabilizer, emulsifier",2
0.5951479494416627,0.5930687586577499,0.6101788893801444,0.4142857142857143,1,4,"raw milk, sugar syrup, preservative benzoate, color",2
0.5518120511314546,0.46331460304369826,0.6061249722131395,0.08333333333333333,3,4,"wheat gluten, soybean oil, stabilizer, emulsifier",2
0.4577037990498745,0.7462145597383667,0.11776717560633565,0.1285714285714286,2,5,"wheat flour, sugar, salt, soy lecithin, flavor",1
0.5334980391917252,0.608362553485262,0.7461991586672259,0.23333333333333336,2,3,"fish extract, sesame oil, nitrate preservative",2
0.7561995936947126,0.4157702409738657,0.39492749546670053,0.4142857142857143,1,4,"raw milk, sugar syrup, preservative benzoate, color",2
0.8084344294617989,0.5131774135765672,0.22032518481927132,0.1285714285714286,2,5,"wheat flour, sugar, salt, soy lecithin, flavor",0
0.6710278958466972,0.9188232826788539,0.5866194998491675,0.10833333333333335,0,4,"rice flour, palm oil, salt, spice",0
0.5568902455943856,0.47434295652715874,0.289138996747042,0.4142857142857143,1,4,"raw milk, sugar syrup, preservative benzoate, color",2
0.14294257485078055,0.7095718400558539,0.3979761136845419,0.1285714285714286,2,5,"wheat flour, sugar, salt, soy lecithin, flavor",2
0.47145640340399075,0.41398616919431797,0.4713132674377033,0.09285714285714287,2,4,"almond paste, sugar, cocoa butter, milk solids",2
0.5204659591872834,0.23522821389282295,0.3095464002060116,0.23333333333333336,2,3,"fish extract, sesame oil, nitrate preservative",2
0.681195711066688,0.4977157585653925,0.3549105068418807,0.31428571428571433,1,4,"unpasteurized cream, egg powder, sulfite, artificial flavor",2
0.5661254657308055,0.4613260240945747,0.7411513205981747,0.09285714285714287,2,4,"almond paste, sugar, cocoa butter, milk solids",2
0.6018444031230417,0.550054020817636,0.5571144965387071,0.1125,3,4,"corn flour, peanut oil, whey milk powder, salt",2
0.6605246843434267,0.07438920744983996,0.5717857675549434,0.08333333333333333,3,4,"wheat gluten, soybean oil, stabilizer, emulsifier",2
0.6666943323832452,0.5991894618792342,0.49369077671154415,0.08333333333333333,3,4,"wheat gluten, soybean oil, stabilizer, emulsifier",1
0.7103479577587415,0.44158384056109984,0.29150900615938136,0.09285714285714287,2,4,"almond paste, sugar, cocoa butter, milk solids",2
0.6180257242428138,0.25086794982492655,0.5256230513113128,0.10833333333333335,0,4,"rice flour, palm oil, salt, spice",1
0.520354870286998,0.7590129331542248,0.6038421050431763,0.1125,3,4,"corn flour, peanut oil, whey milk powder, salt",2
0.9306411305692223,0.311623737811625,0.8362833791446502,0.1285714285714286,2,5,"wheat flour, sugar, salt, soy lecithin, flavor",2
0.7039198935212424,0.3790030438183237,0.533349765860295,0.10833333333333335,0,4,"rice flour, palm oil, salt, spice",1
0.5550229933645991,0.14227789868551838,0.7467925132166093,0.4142857142857143,1,4,"raw milk, sugar syrup, preservative benzoate, color",2
0.5127359280895973,0.4379345534340465,0.578861106800689,0.08333333333333333,3,4,"wheat gluten, soybean oil, stabilizer, emulsifier",2
0.6732833645774897,0.6538205995913644,0.45608099857092077,0.1125,3,4,"corn flour, peanut oil, whey milk powder, salt",1
0.6160083973600713,0.2570935263372823,0.27400926872871495,0.08333333333333333,3,4,"wheat gluten, soybean oil, stabilizer, emulsifier",1
0.5347300289213549,0.46042671764470794,0.9300323533904742,0.23333333333333336,2,3,"fish extract, sesame oil, nitrate preservative",2
0.6610190118854686,0.47605985095824505,0.3687982331199089,0.31428571428571433,1,4,"unpasteurized cream, egg powder, sulfite, artificial flavor",1
0.6806957470361482,0.5141668013573174,0.46981012559602375,0.08333333333333333,3,4,"wheat gluten, soybean oil, stabilizer, emulsifier",2
0.3201521868456264,0.43202373368923896,0.25001337016364333,0.4142857142857143,1,4,"raw milk, sugar syrup, preservative benzoate, color",2
0.20351532459563443,0.24724767467200492,0.470883951861353,0.23333333333333336,2,3,"fish extract, sesame oil, nitrate preservative",2
0.3616112025461601,0.9389524475300979,0.5687587810761674,0.09285714285714287,2,4,"almond paste, sugar, cocoa butter, milk solids",2
0.7300093464920404,0.4739134478035977,0.4376645017843501,0.4142857142857143,1,4,"raw milk, sugar syrup, preservative benzoate, color",2
0.30678043828914603,0.8694055719701965,0.5401256272392527,0.1285714285714286,2,5,"wheat flour, sugar, salt, soy lecithin, flavor",2
0.4338302776749252,0.3176199556800376,0.5550654879862645,0.08333333333333333,3,4,"wheat gluten, soybean oil, stabilizer, emulsifier",2
0.5164058725383875,0.3471861614229441,0.22134882065921468,0.31428571428571433,1,4,"unpasteurized cream, egg powder, sulfite, artificial flavor",1
0.47659074137551277,0.859417897226322,0.48188835079759856,0.31428571428571433,1,4,"unpasteurized cream, egg powder, sulfite, artificial flavor",2
0.5040146071171145,0.5989552567597314,0.4877952764236063,0.31428571428571433,1,4,"unpasteurized cream, egg powder, sulfite, artificial flavor",1
0.5756723507341651,0.6992836439265921,0.33455368105845695,0.1125,3,4,"corn flour, peanut oil, whey milk powder, salt",1
0.4439665752137961,0.7971996965526787,0.5685100564391486,0.1285714285714286,2,5,"wheat flour, sugar, salt, soy lecithin, flavor",2
0.8081414334418241,0.7030685072272571,0.18721998365175818,0.08333333333333333,3,4,"wheat gluten, soybean oil, stabilizer, emulsifier",0
0.41930013551795653,0.6955067387251599,0.5375434271850114,0.09285714285714287,2,4,"almond paste, sugar, cocoa butter, milk solids",1
0.3310597795706199,0.5393687023860481,0.13581804912281936,0.1125,3,4,"corn flour, peanut oil, whey milk powder, salt",1
0.6680332726861332,0.9315896986693764,0.6865321236894153,0.23333333333333336,2,3,"fish extract, sesame oil, nitrate preservative",2
0.34842050142986786,0.35750547926378295,0.5732913570565242,0.31428571428571433,1,4,"unpasteurized cream, egg powder, sulfite, artificial flavor",2
0.593311058711901,0.3459473415763159,0.522287552133718,0.08333333333333333,3,4,"wheat gluten, soybean oil, stabilizer, emulsifier",2
0.6034789362601302,0.8300731833762662,0.5014815975023569,0.31428571428571433,1,4,"unpasteurized cream, egg powder, sulfite, artificial flavor",1
0.5555605459510891,0.28115272059665375,0.5893501960351968,0.23333333333333336,2,3,"fish extract, sesame oil, nitrate preservative",2
0.4880695216912071,0.4964410852649635,0.3733331246235926,0.23333333333333336,2,3,"fish extract, sesame oil, nitrate preservative",2
0.6687042962063304,0.5393250311142979,0.7389917017120671,0.08333333333333333,3,4,"wheat gluten, soybean oil, stabilizer, emulsifier",2
0.6969296136553949,0.5475940160202107,0.43071393903342803,0.08333333333333333,3,4,"wheat gluten, soybean oil, stabilizer, emulsifier",2
0.4529384428664257,0.609586635393683,0.33495180454673085,0.1125,3,4,"corn flour, peanut oil, whey milk powder, salt",2
0.47789702180859406,0.6525189986862457,0.5566930586808422,0.09285714285714287,2,4,"almond paste, sugar, cocoa butter, milk solids",1
0.7364695591010711,0.6278610782208821,0.5474537170549095,0.31428571428571433,1,4,"unpasteurized cream, egg powder, sulfite, artificial flavor",2
0.6412897790686427,0.5618186666050036,0.35897649848273605,0.31428571428571433,1,4,"unpasteurized cream, egg powder, sulfite, artificial flavor",2
0.4109244101972615,0.635527243775949,0.42954703669368477,0.08333333333333333,3,4,"wheat gluten, soybean oil, stabilizer, emulsifier",2
0.4676526128831402,0.356036387347635,0.5711623112091343,0.09285714285714287,2,4,"almond paste, sugar, cocoa butter, milk solids",2
0.513864870943602,0.11952683542914305,0.55289269790818,0.31428571428571433,1,4,"unpasteurized cream, egg powder, sulfite, artificial flavor",2
0.7954096925353306,0.2884666203230122,0.6753276118062074,0.23333333333333336,2,3,"fish extract, sesame oil, nitrate preservative",2
0.8882828480211766,0.6999101077852293,0.2782294684077138,0.10833333333333335,0,4,"rice flour, palm oil, salt, spice",0
0.5527719364721699,0.5161314985957269,0.7798925495898615,0.09285714285714287,2,4,"almond paste, sugar, cocoa butter, milk solids",2
0.6164328789915818,0.7409255587304613,0.678005847444832,0.10833333333333335,0,4,"rice flour, palm oil, salt, spice",1
0.2870132167462323,0.3387510014669609,0.5700390298464414,0.08333333333333333,3,4,"wheat gluten, soybean oil, stabilizer, emulsifier",2
0.6134868741419207,0.7578507219268121,0.23878891600629965,0.08333333333333333,3,4,"wheat gluten, soybean oil, stabilizer, emulsifier",1
0.4732512112365871,0.8362954227854835,0.6998890963548925,0.23333333333333336,2,3,"fish extract, sesame oil, nitrate preservative",2
0.9229617202791456,0.2502209440779716,0.49830021815675,0.23333333333333336,2,3,"fish extract, sesame oil, nitrate preservative",2
0.6541286175271911,0.3286835012424244,0.6519226100203357,0.31428571428571433,1,4,"unpasteurized cream, egg powder, sulfite, artificial flavor",2
0.6490200122030991,0.17944043698701084,0.28730542534347236,0.1285714285714286,2,5,"wheat flour, sugar, salt, soy lecithin, flavor",2
0.11507952881535216,0.7985660767736481,0.5300644313758431,0.31428571428571433,1,4,"unpasteurized cream, egg powder, sulfite, artificial flavor",2
0.7790920075619996,0.41449199741862025,0.34854053412707275,0.4142857142857143,1,4,"raw milk, sugar syrup, preservative benzoate, color",2
0.8922456920351195,0.6219422997808214,0.6017248449470703,0.31428571428571433,1,4,"unpasteurized cream, egg powder, sulfite, artificial flavor",2
0.37374293843351714,0.6788296674303965,0.3385038370084238,0.31428571428571433,1,4,"unpasteurized cream, egg powder, sulfite, artificial flavor",2
0.6902174988805585,0.573620693001292,0.0,0.09285714285714287,2,4,"almond paste, sugar, cocoa butter, milk solids",0
0.7155875314138672,0.6391856696676907,0.4774310918341125,0.10833333333333335,0,4,"rice flour, palm oil, salt, spice",1
0.35799406795053695,0.6122746258243322,0.5962881260424834,0.09285714285714287,2,4,"almond paste, sugar, cocoa butter, milk solids",2
0.6652667399453878,0.3703964493171593,0.0,0.08333333333333333,3,4,"wheat gluten, soybean oil, stabilizer, emulsifier",0
0.5364426603447949,0.710235674456346,0.53272019870246,0.09285714285714287,2,4,"almond paste, sugar, cocoa butter, milk solids",2
0.546860992718281,0.6435229653135377,0.611294714197779,0.09285714285714287,2,4,"almond paste, sugar, cocoa butter, milk solids",2
0.5174865105804316,0.7197032210777008,0.8400972255513026,0.09285714285714287,2,4,"almond paste, sugar, cocoa butter, milk solids",2
0.5473132504041324,0.701423673734889,0.6911145885509703,0.10833333333333335,0,4,"rice flour, palm oil, salt, spice",1
0.8124949072341545,0.9280917986548904,0.6633730910317642,0.31428571428571433,1,4,"unpasteurized cream, egg powder, sulfite, artificial flavor",1
0.5902664683131765,0.6614793114387246,0.474551974654521,0.1125,3,4,"corn flour, peanut oil, whey milk powder, salt",2
0.8334702953684086,0.3219630545702643,0.4049354127003372,0.08333333333333333,3,4,"wheat gluten, soybean oil, stabilizer, emulsifier",1
0.9583776383799549,0.4654634030295346,0.35347652092871285,0.1125,3,4,"corn flour, peanut oil, whey milk powder, salt",1
0.09377754116891612,0.3494523975702827,1.0,0.1285714285714286,2,5,"wheat flour, sugar, salt, soy lecithin, flavor",2
0.4009227091189404,0.5416164035650457,0.5148400045349296,0.10833333333333335,0,4,"rice flour, palm oil, salt, spice",2
0.6699393026302588,0.4420423393974079,0.6731585772616049,0.1285714285714286,2,5,"wheat flour, sugar, salt, soy lecithin, flavor",2
0.4139992507219747,0.19801822560871102,0.15567175320991183,0.4142857142857143,1,4,"raw milk, sugar syrup, preservative benzoate, color",2
0.6563825749274491,0.310119634835193,0.0,0.08333333333333333,3,4,"wheat gluten, soybean oil, stabilizer, emulsifier",0
0.5150652634101445,0.42891010242560695,0.8342954294480205,0.4142857142857143,1,4,"raw milk, sugar syrup, preservative benzoate, color",2
0.5965831320574448,0.5415390548654803,0.31621633645343183,0.08333333333333333,3,4,"wheat gluten, soybean oil, stabilizer, emulsifier",1
0.46228269715846493,0.5840048628509141,0.4480250808227886,0.08333333333333333,3,4,"wheat gluten, soybean oil, stabilizer, emulsifier",1
0.6768312864038566,0.4603874531715504,0.5320084703477682,0.23333333333333336,2,3,"fish extract, sesame oil, nitrate preservative",2
0.44383363129261066,0.5640992458042328,0.3633774139423776,0.4142857142857143,1,4,"raw milk, sugar syrup, preservative benzoate, color",2
0.5354506763630464,0.6633941319167447,0.3471749422566509,0.31428571428571433,1,4,"unpasteurized cream, egg powder, sulfite, artificial flavor",2
0.7594234176574918,0.8108660265320957,0.6749534626562269,0.1285714285714286,2,5,"wheat flour, sugar, salt, soy lecithin, flavor",2
0.13906727058144813,0.46077487832942343,0.6228080866204583,0.4142857142857143,1,4,"raw milk, sugar syrup, preservative benzoate, color",2
0.6495850699742011,0.8141820005339746,0.5840526663817499,0.10833333333333335,0,4,"rice flour, palm oil, salt, spice",1
0.40282913594111336,0.8728227846048976,0.5221983377323549,0.08333333333333333,3,4,"wheat gluten, soybean oil, stabilizer, emulsifier",1
0.4881489911615187,0.42017537567234853,0.3440290153699148,0.4142857142857143,1,4,"raw milk, sugar syrup, preservative benzoate, color",2
0.5648992120222045,0.4314148259359202,0.743575042797525,0.08333333333333333,3,4,"wheat gluten, soybean oil, stabilizer, emulsifier",2
0.6477571824140369,0.4013759184891099,0.47337374852840536,0.23333333333333336,2,3,"fish extract, sesame oil, nitrate preservative",2
0.5830994712266941,0.7658247558648419,0.5017576479597474,0.23333333333333336,2,3,"fish extract, sesame oil, nitrate preservative",2
0.511826602453953,0.18748232668627168,0.5590389773640749,0.31428571428571433,1,4,"unpasteurized cream, egg powder, sulfite, artificial flavor",2
0.6759935990587391,0.4802826068090026,0.3225158246819697,0.31428571428571433,1,4,"unpasteurized cream, egg powder, sulfite, artificial flavor",2
0.6767605349156894,0.4378201818312348,0.7440733216222525,0.23333333333333336,2,3,"fish extract, sesame oil, nitrate preservative",2
0.8945565382214997,0.7237163875467826,0.421237952703975,0.1285714285714286,2,5,"wheat flour, sugar, salt, soy lecithin, flavor",1
0.6278626040142908,0.0008772270045244168,0.300575731115856,0.23333333333333336,2,3,"fish extract, sesame oil, nitrate preservative",2
0.6444784616694756,0.775896462589584,0.42926212737613595,0.31428571428571433,1,4,"unpasteurized cream, egg powder, sulfite, artificial flavor",1
0.6584732985319881,0.48467533328643936,0.4656660298191814,0.31428571428571433,1,4,"unpasteurized cream, egg powder, sulfite, artificial flavor",2
0.19667323302036988,0.47233321937347084,0.4991884143573537,0.1285714285714286,2,5,"wheat flour, sugar, salt, soy lecithin, flavor",2
0.7619686497830909,0.7126515357439279,0.4894939839325211,0.4142857142857143,1,4,"raw milk, sugar syrup, preservative benzoate, color",2
0.5811384023433941,0.5343253943748475,0.4586401976663041,0.1125,3,4,"corn flour, peanut oil, whey milk powder, salt",2
0.7355781716690157,0.30394797048028466,0.2688539421687072,0.10833333333333335,0,4,"rice flour, palm oil, salt, spice",0
0.6450581927742833,0.6510535031865542,0.18551038756003696,0.4142857142857143,1,4,"raw milk, sugar syrup, preservative benzoate, color",2
0.4904068365338356,0.5836411614222512,0.6879646253492419,0.31428571428571433,1,4,"unpasteurized cream, egg powder, sulfite, artificial flavor",2
0.6322509194281574,1.0,0.5662474434274454,0.1125,3,4,"corn flour, peanut oil, whey milk powder, salt",2
0.817021166134552,0.6236020072989038,0.28237693024125066,0.23333333333333336,2,3,"fish extract, sesame oil, nitrate preservative",1
0.8881575222618765,0.5900010616436511,0.0,0.09285714285714287,2,4,"almond paste, sugar, cocoa butter, milk solids",0
0.7177106077661293,0.5025952253920467,0.6573012784185861,0.1285714285714286,2,5,"wheat flour, sugar, salt, soy lecithin, flavor",2
0.587139827451431,0.5563131334579831,0.4233554427662893,0.1285714285714286,2,5,"wheat flour, sugar, salt, soy lecithin, flavor",2
0.44696267247496957,0.61263312146647,0.5149533936559976,0.4142857142857143,1,4,"raw milk, sugar syrup, preservative benzoate, color",2
0.6021439829247537,0.9462399997373929,0.6274393586177385,0.08333333333333333,3,4,"wheat gluten, soybean oil, stabilizer, emulsifier",1
0.04011214827851928,0.696610718600876,0.4788330337557962,0.1125,3,4,"corn flour, peanut oil, whey milk powder, salt",2
0.6630382496145347,0.7192346926055726,0.401557999594574,0.09285714285714287,2,4,"almond paste, sugar, cocoa butter, milk solids",1
0.6045473095977103,0.6585352693120659,0.4968465190073796,0.10833333333333335,0,4,"rice flour, palm oil, salt, spice",1
0.36088886301664025,0.945395073622636,0.3669805779606618,0.4142857142857143,1,4,"raw milk, sugar syrup, preservative benzoate, color",2
0.5881554022070068,0.5634362219307962,0.4149295986525778,0.10833333333333335,0,4,"rice flour, palm oil, salt, spice",1
0.6314674788637452,0.07850250820253679,0.9137927875417269,0.31428571428571433,1,4,"unpasteurized cream, egg powder, sulfite, artificial flavor",2
0.7045120715004574,0.2743797316931952,0.39637994252516495,0.23333333333333336,2,3,"fish extract, sesame oil, nitrate preservative",2
0.4945535507695411,0.7016159973880183,0.35690750041189706,0.23333333333333336,2,3,"fish extract, sesame oil, nitrate preservative",1
0.5558009702638765,0.8067690253658601,0.08423241501337392,0.08333333333333333,3,4,"wheat gluten, soybean oil, stabilizer, emulsifier",0
0.40424961844293894,0.3876799897615786,0.1448141241001144,0.1125,3,4,"corn flour, peanut oil, whey milk powder, salt",1
0.2373513934319853,0.3464022552464638,0.7640924879802442,0.4142857142857143,1,4,"raw milk, sugar syrup, preservative benzoate, color",2
0.41949985986975935,0.2427830081910552,0.24938566338245827,0.23333333333333336,2,3,"fish extract, sesame oil, nitrate preservative",2
0.7562718203508003,0.7304734834270641,0.6387347197463332,0.4142857142857143,1,4,"raw milk, sugar syrup, preservative benzoate, color",2
0.5421583445932957,0.50976204730105,0.9481681373311588,0.1125,3,4,"corn flour, peanut oil, whey milk powder, salt",2
0.557758173133993,0.7923497814392314,0.1775038710926216,0.23333333333333336,2,3,"fish extract, sesame oil, nitrate preservative",0
0.5598078500302828,0.2308085680787566,0.6309629332743687,0.10833333333333335,0,4,"rice flour, palm oil, salt, spice",2
0.6915075585032305,0.37592526514178376,0.5190323739732049,0.08333333333333333,3,4,"wheat gluten, soybean oil, stabilizer, emulsifier",1
0.987624226890758,0.5691390755192512,0.23874415328282184,0.4142857142857143,1,4,"raw milk, sugar syrup, preservative benzoate, color",1
0.3566767333086043,0.31019792149699765,0.270952910091266,0.08333333333333333,3,4,"wheat gluten, soybean oil, stabilizer, emulsifier",2
0.704111675643031,0.6545990656494657,0.25823659557008066,0.08333333333333333,3,4,"wheat gluten, soybean oil, stabilizer, emulsifier",0
0.6489601992389739,0.42433600292231743,0.43875938313375834,0.31428571428571433,1,4,"unpasteurized cream, egg powder, sulfite, artificial flavor",2
0.6406907260383645,0.8685456912039138,0.46219106422286055,0.23333333333333336,2,3,"fish extract, sesame oil, nitrate preservative",2
0.7006866121153245,0.2565516013026467,0.2575298535620247,0.09285714285714287,2,4,"almond paste, sugar, cocoa butter, milk solids",1
0.5837478457007734,0.6729288096163645,0.776134851675039,0.1285714285714286,2,5,"wheat flour, sugar, salt, soy lecithin, flavor",2
0.5197776799104222,0.1335517512740252,0.5155297065918143,0.10833333333333335,0,4,"rice flour, palm oil, salt, spice",2
0.9791232535865999,0.7981193092386145,0.6727134020149969,0.10833333333333335,0,4,"rice flour, palm oil, salt, spice",0
0.5076609451445862,0.5310310786142997,0.3294104327177222,0.23333333333333336,2,3,"fish extract, sesame oil, nitrate preservative",2
0.40410459725015535,0.789363341819225,0.5225082734379493,0.09285714285714287,2,4,"almond paste, sugar, cocoa butter, milk solids",1
0.5907582854979054,0.606241291184581,0.7140143195158629,0.1125,3,4,"corn flour, peanut oil, whey milk powder, salt",2
0.6336855576186388,0.28698907819248415,0.188663309833847,0.4142857142857143,1,4,"raw milk, sugar syrup, preservative benzoate, color",2
0.8152771521087184,0.6145818460809447,0.8290554786596063,0.10833333333333335,0,4,"rice flour, palm oil, salt, spice",2
0.43596393202793904,0.8962857502064687,0.61798631508582,0.08333333333333333,3,4,"wheat gluten, soybean oil, stabilizer, emulsifier",2
0.47971139904504634,0.6013567563027714,0.13236700133553997,0.31428571428571433,1,4,"unpasteurized cream, egg powder, sulfite, artificial flavor",1
0.6667094595883716,0.4456759325283681,0.4418278832005652,0.1125,3,4,"corn flour, peanut oil, whey milk powder, salt",1
0.5709787023874557,0.9278759092034708,0.804713117950701,0.4142857142857143,1,4,"raw milk, sugar syrup, preservative benzoate, color",2
0.7519562143247193,0.7759940788215114,0.3174399559143436,0.4142857142857143,1,4,"raw milk, sugar syrup, preservative benzoate, color",1
0.2720475186777455,0.7746204220521791,0.9543053366941883,0.1125,3,4,"corn flour, peanut oil, whey milk powder, salt",2
0.7096002929838656,0.369182166770184,0.3540631228338188,0.1285714285714286,2,5,"wheat flour, sugar, salt, soy lecithin, flavor",1
0.6458197425922904,0.4523782449322797,0.3570867608276338,0.10833333333333335,0,4,"rice flour, palm oil, salt, spice",1
0.40033731595145866,0.48348736370432804,0.5747103771161405,0.08333333333333333,3,4,"wheat gluten, soybean oil, stabilizer, emulsifier",2
0.3455684523153266,0.7478129242751079,0.0,0.31428571428571433,1,4,"unpasteurized cream, egg powder, sulfite, artificial flavor",0
0.6266721980168547,0.6623323615605472,0.7478882578174277,0.1285714285714286,2,5,"wheat flour, sugar, salt, soy lecithin, flavor",2
0.7055848207200267,0.5891636775762923,0.12346133745969085,0.23333333333333336,2,3,"fish extract, sesame oil, nitrate preservative",1
0.6755095090157487,0.6279919888395495,0.560640092112397,0.4142857142857143,1,4,"raw milk, sugar syrup, preservative benzoate, color",2
0.7489054772052903,0.23792650521138092,0.48551766649173694,0.31428571428571433,1,4,"unpasteurized cream, egg powder, sulfite, artificial flavor",2
0.6771746017416382,0.7654957085439367,0.42448373239588943,0.1285714285714286,2,5,"wheat flour, sugar, salt, soy lecithin, flavor",1
0.6089533197800278,0.37145355815239833,0.44325053948696597,0.1285714285714286,2,5,"wheat flour, sugar, salt, soy lecithin, flavor",1
0.67712692715805,0.5969292375409518,0.15005706638072802,0.10833333333333335,0,4,"rice flour, palm oil, salt, spice",0
0.6764432015770357,0.3869427142410931,0.5664490541220712,0.1125,3,4,"corn flour, peanut oil, whey milk powder, salt",2
0.3459232941762867,0.8848863364790591,0.577345572251741,0.23333333333333336,2,3,"fish extract, sesame oil, nitrate preservative",2
0.43189071852367256,0.44791183021854414,0.23807408605507174,0.4142857142857143,1,4,"raw milk, sugar syrup, preservative benzoate, color",2
0.796836225878928,0.4698742160459978,0.27046295960419076,0.1125,3,4,"corn flour, peanut oil, whey milk powder, salt",1
0.12764998004974498,0.5258462846651987,0.4625737779513651,0.10833333333333335,0,4,"rice flour, palm oil, salt, spice",2
0.8091359449554385,0.7141198589995312,0.7754495840137058,0.4142857142857143,1,4,"raw milk, sugar syrup, preservative benzoate, color",2
0.7825014301384959,0.255751193018619,0.6568704643449973,0.1285714285714286,2,5,"wheat flour, sugar, salt, soy lecithin, flavor",2
0.39765470673041503,0.5511062277258542,0.31865417419212727,0.08333333333333333,3,4,"wheat gluten, soybean oil, stabilizer, emulsifier",2
0.27451724009927686,0.12458049127682769,0.8019252355115867,0.08333333333333333,3,4,"wheat gluten, soybean oil, stabilizer, emulsifier",2
0.5994600641753028,0.7539014120402648,0.5922241338239332,0.23333333333333336,2,3,"fish extract, sesame oil, nitrate preservative",2
0.7971277346362674,0.4038575049597559,0.5068592587062183,0.23333333333333336,2,3,"fish extract, sesame oil, nitrate preservative",2
0.5298350079442646,0.5645736475656982,0.507569649116816,0.08333333333333333,3,4,"wheat gluten, soybean oil, stabilizer, emulsifier",1
0.7443232637820805,0.3547229584467484,0.45198864219962176,0.1125,3,4,"corn flour, peanut oil, whey milk powder, salt",2
0.2185612907608801,0.7281819629858917,0.3510621235253239,0.31428571428571433,1,4,"unpasteurized cream, egg powder, sulfite, artificial flavor",2
0.5139303135870922,0.540231282853198,0.9210329288150532,0.08333333333333333,3,4,"wheat gluten, soybean oil, stabilizer, emulsifier",2
0.6070281154016208,0.633083766058698,0.5153908896705024,0.10833333333333335,0,4,"rice flour, palm oil, salt, spice",1
0.47660430968645073,0.353190295396163,0.3595132381170552,0.10833333333333335,0,4,"rice flour, palm oil, salt, spice",1
0.7278494777648117,0.810946339964304,0.2853155658082981,0.08333333333333333,3,4,"wheat gluten, soybean oil, stabilizer, emulsifier",0
0.3414769047036863,0.9560745981518208,0.567027289806802,0.1285714285714286,2,5,"wheat flour, sugar, salt, soy lecithin, flavor",2
0.5997894019787625,0.6518495968826171,0.4443933080824265,0.1125,3,4,"corn flour, peanut oil, whey milk powder, salt",2
1.0,0.3605874345812097,0.2751408058851267,0.31428571428571433,1,4,"unpasteurized cream, egg powder, sulfite, artificial flavor",0
0.7876239570653432,0.5228944364412703,0.5080431261681924,0.31428571428571433,1,4,"unpasteurized cream, egg powder, sulfite, artificial flavor",1
0.7602048883937731,0.47401963517828927,0.44278316131990014,0.31428571428571433,1,4,"unpasteurized cream, egg powder, sulfite, artificial flavor",2
0.5577061211703876,0.5521150411058151,0.6749781910344769,0.10833333333333335,0,4,"rice flour, palm oil, salt, spice",2
0.7053875218042948,0.7106628447248534,0.45603210633775265,0.31428571428571433,1,4,"unpasteurized cream, egg powder, sulfite, artificial flavor",1
0.6308233484281028,0.26547427025005016,0.42782468284636843,0.1285714285714286,2,5,"wheat flour, sugar, salt, soy lecithin, flavor",2
0.5081175839348738,0.8463471189084255,0.6055645881184877,0.10833333333333335,0,4,"rice flour, palm oil, salt, spice",1
0.614649810556514,0.36268043647795023,0.5026244973032447,0.23333333333333336,2,3,"fish extract, sesame oil, nitrate preservative",2
0.35391950087383806,0.44209450604592104,0.42887782832640026,0.1285714285714286,2,5,"wheat flour, sugar, salt, soy lecithin, flavor",2
0.4953626732462631,0.643773920508377,0.45994263554332626,0.08333333333333333,3,4,"wheat gluten, soybean oil, stabilizer, emulsifier",1
0.5127536342487223,0.7657977280284758,0.1300027335419105,0.23333333333333336,2,3,"fish extract, sesame oil, nitrate preservative",1
0.46308966845811345,0.5504298160855372,0.21311642340985731,0.4142857142857143,1,4,"raw milk, sugar syrup, preservative benzoate, color",2
0.5850001271406094,0.5593253685588037,0.7979461024112369,0.31428571428571433,1,4,"unpasteurized cream, egg powder, sulfite, artificial flavor",2
0.48348997366428315,0.6489862609046597,0.3626933678861532,0.23333333333333336,2,3,"fish extract, sesame oil, nitrate preservative",1
0.590416656244966,0.25395746777503814,0.8555819857840197,0.4142857142857143,1,4,"raw milk, sugar syrup, preservative benzoate, color",2
0.4742461653607583,0.17212048242521594,0.2581183849082892,0.1125,3,4,"corn flour, peanut oil, whey milk powder, salt",2
1.0,0.6952793026397918,0.4797506415033736,0.1125,3,4,"corn flour, peanut oil, whey milk powder, salt",1
0.9707578618811532,0.512250259627125,0.9654385626137509,0.10833333333333335,0,4,"rice flour, palm oil, salt, spice",2
0.28665664235767074,0.4168095208481417,0.3528100726817591,0.08333333333333333,3,4,"wheat gluten, soybean oil, stabilizer, emulsifier",2
1.0,0.3345544251050483,0.5503733858461658,0.10833333333333335,0,4,"rice flour, palm oil, salt, spice",1
0.5997170391955446,0.5720361155562717,0.2701420432525508,0.23333333333333336,2,3,"fish extract, sesame oil, nitrate preservative",1
0.6589681051688031,0.6640401807824183,0.8107737381399711,0.1125,3,4,"corn flour, peanut oil, whey milk powder, salt",2
0.6128330304295386,0.31564832962334444,0.3679988395635537,0.1285714285714286,2,5,"wheat flour, sugar, salt, soy lecithin, flavor",1
0.5139001029301089,0.36285336016312975,0.2385962883935258,0.1125,3,4,"corn flour, peanut oil, whey milk powder, salt",1
0.5577088733205776,0.256066911585939,0.2798843494853737,0.4142857142857143,1,4,"raw milk, sugar syrup, preservative benzoate, color",2
0.6683553939297654,0.6980446127211375,0.3791260556494123,0.31428571428571433,1,4,"unpasteurized cream, egg powder, sulfite, artificial flavor",1
0.6967373586250339,0.4072009805530642,0.32779853944859505,0.10833333333333335,0,4,"rice flour, palm oil, salt, spice",1
0.7082790004219055,0.7351289242788186,0.06499868041918017,0.23333333333333336,2,3,"fish extract, sesame oil, nitrate preservative",1
0.6705711809850736,0.752156276801147,0.5851755914055998,0.1125,3,4,"corn flour, peanut oil, whey milk powder, salt",2
0.666085987839517,0.4876504182190896,0.6909327420143248,0.1125,3,4,"corn flour, peanut oil, whey milk powder, salt",2
0.50251634487703,0.9589646496953294,0.36226229801407367,0.23333333333333336,2,3,"fish extract, sesame oil, nitrate preservative",1
0.6604522211194482,0.4027470219715611,0.45916559434244897,0.1285714285714286,2,5,"wheat flour, sugar, salt, soy lecithin, flavor",2
0.4742225846133331,0.7077222238530443,0.6808904494232784,0.1285714285714286,2,5,"wheat flour, sugar, salt, soy lecithin, flavor",2
1.0,0.7609067393084165,0.5714730773695018,0.1125,3,4,"corn flour, peanut oil, whey milk powder, salt",1
0.5825293573426547,0.8352653953800069,0.8760976154377791,0.4142857142857143,1,4,"raw milk, sugar syrup, preservative benzoate, color",2
0.37398116286679706,0.647432363565134,0.2268914768283405,0.4142857142857143,1,4,"raw milk, sugar syrup, preservative benzoate, color",1
0.6430485632239029,0.6546398894539501,0.698742961665777,0.4142857142857143,1,4,"raw milk, sugar syrup, preservative benzoate, color",2
0.42276253470137226,0.5290046630630668,0.1684343071604127,0.10833333333333335,0,4,"rice flour, palm oil, salt, spice",0
0.7333156877717533,0.3993751212418083,0.6919496704714718,0.08333333333333333,3,4,"wheat gluten, soybean oil, stabilizer, emulsifier",2
0.7062559970199538,0.4177686542772717,0.09390664758209871,0.10833333333333335,0,4,"rice flour, palm oil, salt, spice",0
0.515242701651163,0.46198219788257366,0.9345754859260156,0.23333333333333336,2,3,"fish extract, sesame oil, nitrate preservative",2
0.42093469731394473,0.731652281853465,0.5656548719585145,0.4142857142857143,1,4,"raw milk, sugar syrup, preservative benzoate, color",2
0.4299198688315932,0.3968824173423353,0.703995111616095,0.4142857142857143,1,4,"raw milk, sugar syrup, preservative benzoate, color",2
0.4384642702611421,0.6177877044924137,1.0,0.10833333333333335,0,4,"rice flour, palm oil, salt, spice",2
0.8631313546908479,0.4019341268322576,0.4907410686399949,0.1285714285714286,2,5,"wheat flour, sugar, salt, soy lecithin, flavor",1
0.4620500375799911,0.3880965085738801,0.7174225686825849,0.4142857142857143,1,4,"raw milk, sugar syrup, preservative benzoate, color",2
0.8721858404619456,0.9107860966505736,0.5296162759909713,0.23333333333333336,2,3,"fish extract, sesame oil, nitrate preservative",1
0.7283524707332856,0.3535089482664817,0.2726001535858395,0.10833333333333335,0,4,"rice flour, palm oil, salt, spice",0
0.56809056093288,0.5447140090518605,0.7359573402362428,0.23333333333333336,2,3,"fish extract, sesame oil, nitrate preservative",2
0.25232350085279404,0.6006795834442402,0.6528314749273855,0.1285714285714286,2,5,"wheat flour, sugar, salt, soy lecithin, flavor",2
0.482118784564205,0.38190296753421626,0.5047735976331815,0.23333333333333336,2,3,"fish extract, sesame oil, nitrate preservative",2
0.4534282404468092,0.6553114500987149,0.6229355274713093,0.1125,3,4,"corn flour, peanut oil, whey milk powder, salt",2
0.6718163342530621,0.6107485004902656,0.8712654265774123,0.23333333333333336,2,3,"fish extract, sesame oil, nitrate preservative",2
0.7432297945584988,0.7284746749022905,0.5692928031733936,0.23333333333333336,2,3,"fish extract, sesame oil, nitrate preservative",2
0.6338533261738266,0.5900935442152502,0.5266729198289495,0.1285714285714286,2,5,"wheat flour, sugar, salt, soy lecithin, flavor",1
0.47971489659817723,0.31271040436148856,0.8154840226426949,0.10833333333333335,0,4,"rice flour, palm oil, salt, spice",2
0.5946304054299814,0.43703932977951476,0.5651573086183228,0.23333333333333336,2,3,"fish extract, sesame oil, nitrate preservative",2
0.5640825200419401,0.549034325544678,0.690974629747258,0.23333333333333336,2,3,"fish extract, sesame oil, nitrate preservative",2
0.5896374427670272,0.4641417258904923,0.47055743129389255,0.08333333333333333,3,4,"wheat gluten, soybean oil, stabilizer, emulsifier",2
0.9462528996760893,0.48521550521428986,0.5641764220007035,0.23333333333333336,2,3,"fish extract, sesame oil, nitrate preservative",2
0.50099719589294,0.9129350697857939,0.5011710614579636,0.31428571428571433,1,4,"unpasteurized cream, egg powder, sulfite, artificial flavor",2
0.6552795052648359,0.5368738636226827,0.36271088322657363,0.10833333333333335,0,4,"rice flour, palm oil, salt, spice",0
0.7615250626236043,0.5473777138006659,0.4303429828863913,0.10833333333333335,0,4,"rice flour, palm oil, salt, spice",0
0.820529061917974,0.416569897246326,0.3529106713615523,0.09285714285714287,2,4,"almond paste, sugar, cocoa butter, milk solids",1
0.8749557716563059,0.779198061662512,0.22459251332041946,0.09285714285714287,2,4,"almond paste, sugar, cocoa butter, milk solids",0
0.5518477460552534,0.8708819992070709,0.18702785726773624,0.31428571428571433,1,4,"unpasteurized cream, egg powder, sulfite, artificial flavor",0
0.45086025238195154,0.6074621205151987,0.6365660605409665,0.4142857142857143,1,4,"raw milk, sugar syrup, preservative benzoate, color",2
0.7052852399544067,0.7851370806462034,0.1121211692685356,0.4142857142857143,1,4,"raw milk, sugar syrup, preservative benzoate, color",1
0.5438228423916676,0.6962988619609736,0.20884640611209504,0.4142857142857143,1,4,"raw milk, sugar syrup, preservative benzoate, color",1
0.8080351867497152,0.23294907547844695,0.5067655606776789,0.31428571428571433,1,4,"unpasteurized cream, egg powder, sulfite, artificial flavor",2
0.6909892879574895,0.7054433072912253,0.7831774533517792,0.10833333333333335,0,4,"rice flour, palm oil, salt, spice",1
0.8449622857458695,0.22135060602890666,0.6347158824216591,0.1125,3,4,"corn flour, peanut oil, whey milk powder, salt",2
0.5534292504502613,0.30784528449497833,0.7074502663441259,0.10833333333333335,0,4,"rice flour, palm oil, salt, spice",1
0.5927776695954008,0.6931076103407999,0.36214105690724285,0.4142857142857143,1,4,"raw milk, sugar syrup, preservative benzoate, color",1
0.6178047861773599,0.7512780955239499,1.0,0.23333333333333336,2,3,"fish extract, sesame oil, nitrate preservative",2
0.40442369527782746,0.7537622486413486,0.29352019959196873,0.10833333333333335,0,4,"rice flour, palm oil, salt, spice",0
0.49393124536848065,0.5347602122560393,0.5711034713089156,0.4142857142857143,1,4,"raw milk, sugar syrup, preservative benzoate, color",2
0.36061961596069536,0.6955572300620378,0.48834909399413384,0.23333333333333336,2,3,"fish extract, sesame oil, nitrate preservative",2
0.4726070196936114,0.22954505452980112,0.4925142794097234,0.1125,3,4,"corn flour, peanut oil, whey milk powder, salt",2
0.5640594361488858,0.3759305964685134,0.8867086226697809,0.1125,3,4,"corn flour, peanut oil, whey milk powder, salt",2
0.4694290336269168,0.6640068392168046,0.09167544822490625,0.31428571428571433,1,4,"unpasteurized cream, egg powder, sulfite, artificial flavor",1
0.7618615929259998,0.6616234023899309,0.4645528261595986,0.31428571428571433,1,4,"unpasteurized cream, egg powder, sulfite, artificial flavor",1
0.574786420579507,0.3549527376494731,0.6069541682168044,0.31428571428571433,1,4,"unpasteurized cream, egg powder, sulfite, artificial flavor",2
0.6669181752995154,0.7349150713190373,0.4346281578093687,0.1125,3,4,"corn flour, peanut oil, whey milk powder, salt",1
0.6852609403470242,0.4727054254566183,0.5592208735420847,0.31428571428571433,1,4,"unpasteurized cream, egg powder, sulfite, artificial flavor",2
0.7143736741832922,0.7273380150812193,0.2831556428273303,0.1125,3,4,"corn flour, peanut oil, whey milk powder, salt",1
0.5041075788536505,0.553301035240062,0.8117277714739424,0.31428571428571433,1,4,"unpasteurized cream, egg powder, sulfite, artificial flavor",2
0.943582264522254,0.40922413179004047,0.28310750550163993,0.1285714285714286,2,5,"wheat flour, sugar, salt, soy lecithin, flavor",0
0.5541898103868093,0.0790898771416213,0.45436578792670174,0.09285714285714287,2,4,"almond paste, sugar, cocoa butter, milk solids",2
0.6634354882218072,0.42986067444613263,0.6297913859798389,0.10833333333333335,0,4,"rice flour, palm oil, salt, spice",2
0.46166175783754604,0.45139514892351634,0.010420098838443803,0.23333333333333336,2,3,"fish extract, sesame oil, nitrate preservative",0
0.6133499117890839,0.360923464128037,0.387040562849196,0.31428571428571433,1,4,"unpasteurized cream, egg powder, sulfite, artificial flavor",1
0.6308005017356287,0.6351429189169816,0.5885203766523609,0.23333333333333336,2,3,"fish extract, sesame oil, nitrate preservative",2
0.8347929174481019,0.24178540069972115,0.3636101939435728,0.10833333333333335,0,4,"rice flour, palm oil, salt, spice",0
0.5274068436742874,0.5649962435979673,0.8136191019216241,0.1125,3,4,"corn flour, peanut oil, whey milk powder, salt",2
0.722112517553394,0.6780604735331472,0.3226651559506557,0.4142857142857143,1,4,"raw milk, sugar syrup, preservative benzoate, color",2
0.5711322055298526,0.2680093019971111,0.6001445994201712,0.10833333333333335,0,4,"rice flour, palm oil, salt, spice",2
0.593258444703006,0.40618290422230763,0.6342287108353641,0.10833333333333335,0,4,"rice flour, palm oil, salt, spice",1
0.629960791910681,0.6214283848857746,0.24599116482620853,0.1125,3,4,"corn flour, peanut oil, whey milk powder, salt",1
0.7016536065282732,0.30755799525064675,0.5291653361770435,0.1125,3,4,"corn flour, peanut oil, whey milk powder, salt",2
0.7084235110006536,0.3091966172327882,0.48566444400904796,0.09285714285714287,2,4,"almond paste, sugar, cocoa butter, milk solids",2
0.7777181569248511,0.617498627763768,0.2788765944540169,0.09285714285714287,2,4,"almond paste, sugar, cocoa butter, milk solids",1
0.5715561788255686,0.662105655054569,0.36077443993253433,0.09285714285714287,2,4,"almond paste, sugar, cocoa butter, milk solids",1
0.6443300564688945,0.6487445428920496,0.3725771034045221,0.1285714285714286,2,5,"wheat flour, sugar, salt, soy lecithin, flavor",0
0.892461307181963,1.0,0.5984325564645233,0.08333333333333333,3,4,"wheat gluten, soybean oil, stabilizer, emulsifier",0
0.6916411624291744,0.8182231223362573,0.23316406040079163,0.1125,3,4,"corn flour, peanut oil, whey milk powder, salt",0
0.6352677715999144,0.722915690257175,0.42440775923191654,0.1285714285714286,2,5,"wheat flour, sugar, salt, soy lecithin, flavor",0
0.8024632737308228,0.5334817076509679,0.5891528200874149,0.09285714285714287,2,4,"almond paste, sugar, cocoa butter, milk solids",1
0.447760896949339,0.7552851361094438,0.5852490865191814,0.1285714285714286,2,5,"wheat flour, sugar, salt, soy lecithin, flavor",2
0.4101283798226568,0.43959474636811563,0.534745336743633,0.4142857142857143,1,4,"raw milk, sugar syrup, preservative benzoate, color",2
0.740964576349041,0.5125201558192032,0.28164278235061824,0.08333333333333333,3,4,"wheat gluten, soybean oil, stabilizer, emulsifier",1
0.7682427713213394,0.6286281806294849,0.6014522060991638,0.09285714285714287,2,4,"almond paste, sugar, cocoa butter, milk solids",1
0.5661199461674525,0.40675617697774713,0.5635444373650628,0.23333333333333336,2,3,"fish extract, sesame oil, nitrate preservative",2
0.8415928130591793,0.6765678264703217,0.5832627266444568,0.31428571428571433,1,4,"unpasteurized cream, egg powder, sulfite, artificial flavor",1
0.37299772835751566,0.506765555335607,0.5223080073491565,0.08333333333333333,3,4,"wheat gluten, soybean oil, stabilizer, emulsifier",2
0.7658394356179833,0.41156918566142664,0.3497233664140175,0.10833333333333335,0,4,"rice flour, palm oil, salt, spice",1
0.7387766860547668,0.4718458115733358,0.4764135428305079,0.23333333333333336,2,3,"fish extract, sesame oil, nitrate preservative",2
0.6850829566029504,1.0,0.5417464434557835,0.10833333333333335,0,4,"rice flour, palm oil, salt, spice",0
0.29643419288577433,0.45302000144423304,0.7703393005976531,0.09285714285714287,2,4,"almond paste, sugar, cocoa butter, milk solids",2
0.7755247583845319,0.19466224644753738,0.6482851045095632,0.10833333333333335,0,4,"rice flour, palm oil, salt, spice",2
0.24073663449843719,0.8538775351291026,0.0,0.23333333333333336,2,3,"fish extract, sesame oil, nitrate preservative",1
0.17700518125596904,0.6392275654479573,0.7531847448134529,0.4142857142857143,1,4,"raw milk, sugar syrup, preservative benzoate, color",2
0.7052689746707304,0.4676647775321877,0.09049425385137516,0.08333333333333333,3,4,"wheat gluten, soybean oil, stabilizer, emulsifier",1
0.8033245537609426,0.1524248340797308,0.16672323041359455,0.31428571428571433,1,4,"unpasteurized cream, egg powder, sulfite, artificial flavor",1
0.31326441876957417,0.5588379839112079,0.586551477139715,0.08333333333333333,3,4,"wheat gluten, soybean oil, stabilizer, emulsifier",2
0.7081987099236025,0.4403681750312594,0.4620451630835235,0.08333333333333333,3,4,"wheat gluten, soybean oil, stabilizer, emulsifier",1
0.5401928118683267,0.5514769948260652,0.5371244709502017,0.31428571428571433,1,4,"unpasteurized cream, egg powder, sulfite, artificial flavor",2
0.5524181344921792,0.6072389885108633,0.7204470385282545,0.1125,3,4,"corn flour, peanut oil, whey milk powder, salt",2
0.6571670803497018,0.5127657874671764,0.3577130383744943,0.23333333333333336,2,3,"fish extract, sesame oil, nitrate preservative",2
0.6695064421785942,0.5556510743020091,0.4331343711655685,0.09285714285714287,2,4,"almond paste, sugar, cocoa butter, milk solids",1
0.5085382213651763,0.22083976558219726,0.5842369209355722,0.09285714285714287,2,4,"almond paste, sugar, cocoa butter, milk solids",2
0.504337757584777,0.9290767250953336,0.4164580914730807,0.4142857142857143,1,4,"raw milk, sugar syrup, preservative benzoate, color",1
0.42113671442832035,0.20321551935406756,0.8371781363264881,0.10833333333333335,0,4,"rice flour, palm oil, salt, spice",2
0.4387040146003596,0.912253536311824,0.4226217844652357,0.31428571428571433,1,4,"unpasteurized cream, egg powder, sulfite, artificial flavor",1
0.8587066344784937,0.6817821168961745,0.9842426905260105,0.4142857142857143,1,4,"raw milk, sugar syrup, preservative benzoate, color",2
0.48987512097723673,0.18060076456187463,0.438708929982635,0.1125,3,4,"corn flour, peanut oil, whey milk powder, salt",2
0.7077901510780924,0.5540616013120812,0.28111442236040757,0.1125,3,4,"corn flour, peanut oil, whey milk powder, salt",1
0.6775294661645972,0.5833470339266719,0.32466931627813467,0.23333333333333336,2,3,"fish extract, sesame oil, nitrate preservative",2
0.03625713262604746,0.626569141773029,1.0,0.1125,3,4,"corn flour, peanut oil, whey milk powder, salt",2
0.5985760217775492,0.4574834371886846,0.7280023333629755,0.1285714285714286,2,5,"wheat flour, sugar, salt, soy lecithin, flavor",2
0.6274140670585174,0.709454512233856,0.5036851559957832,0.1285714285714286,2,5,"wheat flour, sugar, salt, soy lecithin, flavor",2
0.6351507777281468,0.20790639008534495,0.38044092799324675,0.1125,3,4,"corn flour, peanut oil, whey milk powder, salt",2
0.35961776693522296,0.11848856513960904,0.5071094036612664,0.1285714285714286,2,5,"wheat flour, sugar, salt, soy lecithin, flavor",2
0.5394975715272581,0.178302412451804,0.5994959069944825,0.1125,3,4,"corn flour, peanut oil, whey milk powder, salt",2
0.2792881501618019,0.7769064897394438,0.668453015696264,0.23333333333333336,2,3,"fish extract, sesame oil, nitrate preservative",2
0.7176628875860374,0.6541441797403478,0.6910639107302631,0.08333333333333333,3,4,"wheat gluten, soybean oil, stabilizer, emulsifier",1
0.32980930194812735,0.4027984199620457,0.4714395622320383,0.10833333333333335,0,4,"rice flour, palm oil, salt, spice",2
0.8010790460620856,0.7796990597160702,0.30807527617536556,0.23333333333333336,2,3,"fish extract, sesame oil, nitrate preservative",1
0.44739032141006907,0.5123505923292867,0.5707941011906689,0.09285714285714287,2,4,"almond paste, sugar, cocoa butter, milk solids",1
0.7019535619315455,0.43085934491731886,0.9240213461506501,0.4142857142857143,1,4,"raw milk, sugar syrup, preservative benzoate, color",2
0.6238534894490504,0.4525768379204746,0.8634382042375346,0.09285714285714287,2,4,"almond paste, sugar, cocoa butter, milk solids",2
0.8166807875445803,0.6670278914922154,0.4880434256705042,0.1125,3,4,"corn flour, peanut oil, whey milk powder, salt",2
1.0,0.6134820897598843,0.5256872193319646,0.23333333333333336,2,3,"fish extract, sesame oil, nitrate preservative",1
0.49214440769407397,0.49433648805766783,0.16176255119213895,0.1125,3,4,"corn flour, peanut oil, whey milk powder, salt",1
0.5067959995143653,0.5388126011879155,0.8891983316694263,0.1125,3,4,"corn flour, peanut oil, whey milk powder, salt",2
0.46896351263445923,0.8249497366461309,0.7478542766984223,0.10833333333333335,0,4,"rice flour, palm oil, salt, spice",1
0.5203452362030102,0.7749865671409286,0.281468032120569,0.1125,3,4,"corn flour, peanut oil, whey milk powder, salt",1
0.5551494487312045,0.5910711364502915,0.329365914562447,0.1125,3,4,"corn flour, peanut oil, whey milk powder, salt",1
0.5153984305772374,0.27117683124931713,0.6542279259118635,0.4142857142857143,1,4,"raw milk, sugar syrup, preservative benzoate, color",2
0.5320975786626708,0.3576869217756341,0.46701416789713535,0.09285714285714287,2,4,"almond paste, sugar, cocoa butter, milk solids",1
0.418014116393414,0.9284337660799213,0.6026284196848917,0.4142857142857143,1,4,"raw milk, sugar syrup, preservative benzoate, color",2
0.738786519016765,0.4673780094406571,0.5599615770537227,0.4142857142857143,1,4,"raw milk, sugar syrup, preservative benzoate, color",2
0.6789234524597988,0.6183381771916329,0.4158147426098756,0.31428571428571433,1,4,"unpasteurized cream, egg powder, sulfite, artificial flavor",1
0.5632314921946862,0.17192555045824837,0.6116855891555179,0.09285714285714287,2,4,"almond paste, sugar, cocoa butter, milk solids",2
1.0,0.47176049933586783,0.3814833827592051,0.1285714285714286,2,5,"wheat flour, sugar, salt, soy lecithin, flavor",0
0.636417272500504,0.3877407330426502,0.4615154259591552,0.1125,3,4,"corn flour, peanut oil, whey milk powder, salt",1
0.7667478146099843,0.3958641480655667,0.49237560268914454,0.09285714285714287,2,4,"almond paste, sugar, cocoa butter, milk solids",1
0.5496735923668451,0.547741830607834,0.6055411534149526,0.09285714285714287,2,4,"almond paste, sugar, cocoa butter, milk solids",2
0.7318879696984841,0.742432908629249,0.8181429041874904,0.4142857142857143,1,4,"raw milk, sugar syrup, preservative benzoate, color",2
0.7816401431259099,0.7646018571923314,0.6426844843525278,0.31428571428571433,1,4,"unpasteurized cream, egg powder, sulfite, artificial flavor",1
0.4485371724429634,0.4950291791939032,0.6715166245618979,0.31428571428571433,1,4,"unpasteurized cream, egg powder, sulfite, artificial flavor",2
0.8367425931739706,0.7898340937354413,0.7652189241856631,0.09285714285714287,2,4,"almond paste, sugar, cocoa butter, milk solids",1
0.6868743899020396,0.4284941918089168,0.13720540710097634,0.1125,3,4,"corn flour, peanut oil, whey milk powder, salt",1
0.6829335618213234,0.9535618743211784,0.5389906319589846,0.08333333333333333,3,4,"wheat gluten, soybean oil, stabilizer, emulsifier",2
0.6319538205930691,0.5544960592307473,0.21853418065727082,0.09285714285714287,2,4,"almond paste, sugar, cocoa butter, milk solids",1
0.48353142490642914,0.8062461127525145,0.7548089871351106,0.08333333333333333,3,4,"wheat gluten, soybean oil, stabilizer, emulsifier",2
0.5348055958701033,0.5398048269389497,0.4868320325069127,0.4142857142857143,1,4,"raw milk, sugar syrup, preservative benzoate, color",2
0.6662663799357132,0.9449782170714718,0.6973827719672735,0.1285714285714286,2,5,"wheat flour, sugar, salt, soy lecithin, flavor",1
0.7491680531032154,0.8911880557417546,0.9396235763350935,0.09285714285714287,2,4,"almond paste, sugar, cocoa butter, milk solids",2
0.5609952142699343,0.6652139007122783,0.8682743889596302,0.10833333333333335,0,4,"rice flour, palm oil, salt, spice",2
0.681815736936386,0.5602795708634185,0.42786396622113326,0.08333333333333333,3,4,"wheat gluten, soybean oil, stabilizer, emulsifier",1
0.909257999323168,0.5020572442938397,0.5115746567005037,0.09285714285714287,2,4,"almond paste, sugar, cocoa butter, milk solids",1
0.7289935919651679,0.8233358357436567,0.8573895261104862,0.31428571428571433,1,4,"unpasteurized cream, egg powder, sulfite, artificial flavor",2
0.5723609420093931,0.6556037359389045,0.5690723335498271,0.10833333333333335,0,4,"rice flour, palm oil, salt, spice",1
0.6247956646098832,0.6403844566787298,0.4352864643339759,0.1285714285714286,2,5,"wheat flour, sugar, salt, soy lecithin, flavor",1
1.0,0.3091266102931913,0.2229163350372671,0.09285714285714287,2,4,"almond paste, sugar, cocoa butter, milk solids",0
0.5814080852930601,0.7291561022074514,0.6300756472506198,0.10833333333333335,0,4,"rice flour, palm oil, salt, spice",1
0.4754244918068935,0.5011754456494762,0.4955791993573247,0.1285714285714286,2,5,"wheat flour, sugar, salt, soy lecithin, flavor",1
0.3909641631499327,0.32568678774446824,0.6681038092104303,0.4142857142857143,1,4,"raw milk, sugar syrup, preservative benzoate, color",2
0.2688621018355564,0.2532866627896794,0.645907396856429,0.1285714285714286,2,5,"wheat flour, sugar, salt, soy lecithin, flavor",2
0.8204332843679648,0.185336571295442,0.6855358762234952,0.1125,3,4,"corn flour, peanut oil, whey milk powder, salt",2
1.0,0.09536447397577491,0.6529829725293427,0.1285714285714286,2,5,"wheat flour, sugar, salt, soy lecithin, flavor",1
0.6768184059991507,0.5086455672896213,0.5285521109416055,0.1285714285714286,2,5,"wheat flour, sugar, salt, soy lecithin, flavor",1
0.3392955891653314,0.7983274525797481,0.40996493254575983,0.23333333333333336,2,3,"fish extract, sesame oil, nitrate preservative",1
0.8870886282013257,0.5365314694381694,0.9196799134972458,0.4142857142857143,1,4,"raw milk, sugar syrup, preservative benzoate, color",2
0.5847018358313851,0.5742075879327149,0.8357867039970166,0.1125,3,4,"corn flour, peanut oil, whey milk powder, salt",2
0.6317326717973626,0.5100240825803385,0.4888774521119794,0.1285714285714286,2,5,"wheat flour, sugar, salt, soy lecithin, flavor",2
0.5289004911663285,0.4370985668772627,0.37817166615604436,0.31428571428571433,1,4,"unpasteurized cream, egg powder, sulfite, artificial flavor",1
0.4649324445012337,0.8496840551300646,0.45454816267515075,0.1285714285714286,2,5,"wheat flour, sugar, salt, soy lecithin, flavor",1
0.7022960356138582,0.5177294591261773,0.39408319496408806,0.1285714285714286,2,5,"wheat flour, sugar, salt, soy lecithin, flavor",1
0.510751454313835,0.12522501602232883,0.7028945470578262,0.1285714285714286,2,5,"wheat flour, sugar, salt, soy lecithin, flavor",2
0.42608663302696126,0.25602849677857303,0.5492563955549726,0.09285714285714287,2,4,"almond paste, sugar, cocoa butter, milk solids",2
0.6365699658133869,0.27344767878143483,0.5495256799484486,0.4142857142857143,1,4,"raw milk, sugar syrup, preservative benzoate, color",2
0.7092119719341108,0.0,0.6199532849742605,0.23333333333333336,2,3,"fish extract, sesame oil, nitrate preservative",2
0.34408882653923417,0.5123053179252873,0.5904136439866026,0.10833333333333335,0,4,"rice flour, palm oil, salt, spice",1
0.7374009925556879,0.5593952392598996,0.3091228013500493,0.1125,3,4,"corn flour, peanut oil, whey milk powder, salt",1
0.7846677836844409,0.24775546270081905,0.7341835013802193,0.31428571428571433,1,4,"unpasteurized cream, egg powder, sulfite, artificial flavor",2
0.29254421302560146,0.5206566739742827,0.6349888135225027,0.09285714285714287,2,4,"almond paste, sugar, cocoa butter, milk solids",2
0.6897544561053321,0.5678024507358046,0.3583737649568925,0.23333333333333336,2,3,"fish extract, sesame oil, nitrate preservative",2
0.6624025347738676,0.8738870316146585,0.8167874906021455,0.4142857142857143,1,4,"raw milk, sugar syrup, preservative benzoate, color",2
0.5456974602964477,0.42283948869047383,0.43335632534075874,0.08333333333333333,3,4,"wheat gluten, soybean oil, stabilizer, emulsifier",2
0.7363362872490685,0.9766321036006649,0.4863856882719731,0.23333333333333336,2,3,"fish extract, sesame oil, nitrate preservative",1
0.3579459456630457,0.7053131103423151,0.4868558406287024,0.4142857142857143,1,4,"raw milk, sugar syrup, preservative benzoate, color",2
0.7495122385571696,0.518340165310055,0.3388491078287312,0.1125,3,4,"corn flour, peanut oil, whey milk powder, salt",1
0.38453021602381743,0.9478719117163223,0.4787960010171328,0.31428571428571433,1,4,"unpasteurized cream, egg powder, sulfite, artificial flavor",2
0.4106529920436318,0.503223897816413,0.7422623573434237,0.10833333333333335,0,4,"rice flour, palm oil, salt, spice",2
0.44330424490870524,0.5810928488738287,0.6097849721579037,0.4142857142857143,1,4,"raw milk, sugar syrup, preservative benzoate, color",2
0.7159186821356223,0.6938550473840643,0.24633661597482132,0.10833333333333335,0,4,"rice flour, palm oil, salt, spice",0
0.40489866787098294,0.2835708488616709,0.6750011724714888,0.4142857142857143,1,4,"raw milk, sugar syrup, preservative benzoate, color",2
0.13331102722759164,0.9610953717237238,0.30326015908621773,0.1125,3,4,"corn flour, peanut oil, whey milk powder, salt",2
0.33913653348276307,0.3875197682886926,0.015373135847881414,0.1125,3,4,"corn flour, peanut oil, whey milk powder, salt",1
0.4068599722622962,0.2754971565651206,0.6710181138023299,0.09285714285714287,2,4,"almond paste, sugar, cocoa butter, milk solids",2
0.9261661003941813,0.41285867578540536,0.548140261630296,0.4142857142857143,1,4,"raw milk, sugar syrup, preservative benzoate, color",1
0.506607843609388,0.6428899914990842,0.723744797412002,0.31428571428571433,1,4,"unpasteurized cream, egg powder, sulfite, artificial flavor",2
0.44829379100083,0.7496935809245999,0.49030126983628464,0.1285714285714286,2,5,"wheat flour, sugar, salt, soy lecithin, flavor",1
0.4992115570149206,0.8984627692392467,0.5676303686286852,0.4142857142857143,1,4,"raw milk, sugar syrup, preservative benzoate, color",2
0.5527955654633496,1.0,0.7871023075462134,0.4142857142857143,1,4,"raw milk, sugar syrup, preservative benzoate, color",2
0.5614359821932361,0.57917439565652,0.3457302816210842,0.1285714285714286,2,5,"wheat flour, sugar, salt, soy lecithin, flavor",1
0.8613758637670765,0.2872743781991674,0.25180771783974526,0.08333333333333333,3,4,"wheat gluten, soybean oil, stabilizer, emulsifier",1
0.9597238574542675,0.7503418440029678,0.7077509174660181,0.4142857142857143,1,4,"raw milk, sugar syrup, preservative benzoate, color",2
0.5484635867783735,0.2596589172469203,0.6719828501705198,0.1285714285714286,2,5,"wheat flour, sugar, salt, soy lecithin, flavor",2
0.6737999951986253,0.5078340573287666,0.46880858783591267,0.4142857142857143,1,4,"raw milk, sugar syrup, preservative benzoate, color",2
0.7605415635912771,0.25595687558050423,0.6619323494224424,0.23333333333333336,2,3,"fish extract, sesame oil, nitrate preservative",2
0.22477096452226802,0.5227052576243294,0.8184968563202955,0.4142857142857143,1,4,"raw milk, sugar syrup, preservative benzoate, color",2
0.6639677179206174,0.9424011327684496,0.4905529617495161,0.08333333333333333,3,4,"wheat gluten, soybean oil, stabilizer, emulsifier",1
0.5073722089288533,0.4144981766238728,0.04668363163265127,0.10833333333333335,0,4,"rice flour, palm oil, salt, spice",0
0.4845061609551571,0.38971224404896077,0.2404062300452114,0.09285714285714287,2,4,"almond paste, sugar, cocoa butter, milk solids",1
0.976880193148089,0.21782662483958337,0.42202144088521787,0.31428571428571433,1,4,"unpasteurized cream, egg powder, sulfite, artificial flavor",1
0.7779007934180735,0.6073187094587854,0.35995474797643634,0.09285714285714287,2,4,"almond paste, sugar, cocoa butter, milk solids",1
0.8905642969874814,0.6593919030032077,0.6473611526016163,0.1285714285714286,2,5,"wheat flour, sugar, salt, soy lecithin, flavor",0
0.587978037810814,0.9666421918118069,0.7917483954080706,0.1125,3,4,"corn flour, peanut oil, whey milk powder, salt",1
0.38372649613463017,0.8922203120725741,0.5537412221006999,0.10833333333333335,0,4,"rice flour, palm oil, salt, spice",1
0.606148429837342,0.028526894186303275,0.2613085132395532,0.4142857142857143,1,4,"raw milk, sugar syrup, preservative benzoate, color",2
0.25056345829247867,0.4737689384595142,0.7221308624741408,0.10833333333333335,0,4,"rice flour, palm oil, salt, spice",2
0.6412529102611512,0.5631949006212007,0.8771636704784525,0.31428571428571433,1,4,"unpasteurized cream, egg powder, sulfite, artificial flavor",2
0.753892755569644,0.2847302663901311,0.4514056945588111,0.08333333333333333,3,4,"wheat gluten, soybean oil, stabilizer, emulsifier",1
0.5749958737130819,0.7196812897925676,0.621915526718078,0.23333333333333336,2,3,"fish extract, sesame oil, nitrate preservative",2
0.8682794905380944,0.383726860240539,0.5319366916873428,0.1285714285714286,2,5,"wheat flour, sugar, salt, soy lecithin, flavor",1
0.5886590971493801,0.2238684755501199,0.810367827948685,0.1125,3,4,"corn flour, peanut oil, whey milk powder, salt",2
0.488152210551448,0.424899069620848,0.7668871151024027,0.4142857142857143,1,4,"raw milk, sugar syrup, preservative benzoate, color",2
0.6375598618135169,0.702230109961264,0.436518388343592,0.4142857142857143,1,4,"raw milk, sugar syrup, preservative benzoate, color",2
0.7627316908740467,0.41131733376652957,0.8267343958863276,0.10833333333333335,0,4,"rice flour, palm oil, salt, spice",2
0.6036915415229401,0.701745604130867,0.505250172661708,0.10833333333333335,0,4,"rice flour, palm oil, salt, spice",1
0.760887303640365,0.41742955557265893,0.47222785839988174,0.4142857142857143,1,4,"raw milk, sugar syrup, preservative benzoate, color",2
0.7556253351949781,0.5300309252257127,0.8978258007886188,0.4142857142857143,1,4,"raw milk, sugar syrup, preservative benzoate, color",2
0.5692142181088082,0.286671714268398,0.27192009371308934,0.31428571428571433,1,4,"unpasteurized cream, egg powder, sulfite, artificial flavor",1
0.8044493727930233,0.543374788127598,0.3933782782845446,0.09285714285714287,2,4,"almond paste, sugar, cocoa butter, milk solids",1
0.8259688429633969,0.3793820005529685,0.39104530355739575,0.1285714285714286,2,5,"wheat flour, sugar, salt, soy lecithin, flavor",2
0.643405144560004,0.49647458702078434,0.6580365514927842,0.23333333333333336,2,3,"fish extract, sesame oil, nitrate preservative",2
0.6394991925515876,0.7353120138434117,0.24473682788883228,0.1125,3,4,"corn flour, peanut oil, whey milk powder, salt",1
0.39940986245087123,0.3532839006146379,0.3761179829543331,0.1125,3,4,"corn flour, peanut oil, whey milk powder, salt",2
0.4832847375056869,0.5603109126649919,0.2476681997813855,0.31428571428571433,1,4,"unpasteurized cream, egg powder, sulfite, artificial flavor",1
0.8036496171524958,0.5341591918023977,0.4554172214739542,0.09285714285714287,2,4,"almond paste, sugar, cocoa butter, milk solids",1
0.6966271421876161,1.0,0.47301123135476153,0.10833333333333335,0,4,"rice flour, palm oil, salt, spice",0
0.7338492600179429,0.8790665336395924,0.7144929257755097,0.1285714285714286,2,5,"wheat flour, sugar, salt, soy lecithin, flavor",1
1.0,0.6744882093518931,0.24598757908021512,0.23333333333333336,2,3,"fish extract, sesame oil, nitrate preservative",0
0.36947629475860794,0.796560737853772,0.28970583063385635,0.08333333333333333,3,4,"wheat gluten, soybean oil, stabilizer, emulsifier",1
0.5016393496413616,0.8472301291720991,0.5227605762766134,0.1285714285714286,2,5,"wheat flour, sugar, salt, soy lecithin, flavor",1
0.3938589652403899,0.17565970272011278,0.22471826062500894,0.10833333333333335,0,4,"rice flour, palm oil, salt, spice",1
0.49913673136400377,0.8641087201438029,0.3421499071097901,0.1285714285714286,2,5,"wheat flour, sugar, salt, soy lecithin, flavor",1
0.40567619033929464,0.7481523469135712,0.961452335089805,0.23333333333333336,2,3,"fish extract, sesame oil, nitrate preservative",2
0.8276603724690063,0.2606108957148798,0.624670459533639,0.09285714285714287,2,4,"almond paste, sugar, cocoa butter, milk solids",2
0.6140811865842307,0.6600526141880265,0.8873985249480736,0.31428571428571433,1,4,"unpasteurized cream, egg powder, sulfite, artificial flavor",2
0.504171987126138,0.3660039777852607,0.7149321130943167,0.23333333333333336,2,3,"fish extract, sesame oil, nitrate preservative",2
0.5545366731615835,0.5705379541908933,0.389339447201874,0.09285714285714287,2,4,"almond paste, sugar, cocoa butter, milk solids",1
0.5781122537376223,0.4629188745145221,0.7233730013640076,0.10833333333333335,0,4,"rice flour, palm oil, salt, spice",2
0.8590804388180477,0.5829375239639437,0.4453468942463727,0.08333333333333333,3,4,"wheat gluten, soybean oil, stabilizer, emulsifier",0
0.2695742357231215,0.6258678332568479,0.20030511442915888,0.4142857142857143,1,4,"raw milk, sugar syrup, preservative benzoate, color",2
0.6054443816740717,0.5011626161796663,0.3143518834550456,0.10833333333333335,0,4,"rice flour, palm oil, salt, spice",1
0.4226319592674215,0.7876699841210698,0.578016655370505,0.10833333333333335,0,4,"rice flour, palm oil, salt, spice",1
0.715457937252069,0.5517863746221398,0.5842628930993704,0.1285714285714286,2,5,"wheat flour, sugar, salt, soy lecithin, flavor",1
0.4956684058182795,0.8612032653899955,0.4584488531530152,0.23333333333333336,2,3,"fish extract, sesame oil, nitrate preservative",2
0.7321602298247045,0.7793703510300092,0.31506278442388813,0.23333333333333336,2,3,"fish extract, sesame oil, nitrate preservative",1
0.6625605468375895,0.4982614041516286,0.5076353347712669,0.4142857142857143,1,4,"raw milk, sugar syrup, preservative benzoate, color",2
0.537641474606682,0.8922845597864981,0.2790684042513551,0.08333333333333333,3,4,"wheat gluten, soybean oil, stabilizer, emulsifier",0
0.7124187166599052,0.974074049808505,0.4009034996783123,0.1125,3,4,"corn flour, peanut oil, whey milk powder, salt",1
0.4810781501210752,0.5786602337295392,0.10969872659745317,0.31428571428571433,1,4,"unpasteurized cream, egg powder, sulfite, artificial flavor",1
0.5896401607561346,0.4719271350800671,0.3031541227790181,0.23333333333333336,2,3,"fish extract, sesame oil, nitrate preservative",2
0.3892038025733868,0.6523791824098487,0.9563793068580806,0.1125,3,4,"corn flour, peanut oil, whey milk powder, salt",2
0.5033871491382055,0.6342901481110677,0.48453797715684294,0.1285714285714286,2,5,"wheat flour, sugar, salt, soy lecithin, flavor",1
0.6693568712652284,0.5479966209767402,0.921151589892832,0.09285714285714287,2,4,"almond paste, sugar, cocoa butter, milk solids",2
0.3719240874366044,0.3443981404206984,0.6587656311580878,0.31428571428571433,1,4,"unpasteurized cream, egg powder, sulfite, artificial flavor",2
0.4276693093066094,0.5548154812967824,0.19605258182360286,0.10833333333333335,0,4,"rice flour, palm oil, salt, spice",0
0.5217074701554939,0.5001930588112394,0.2514450123748686,0.10833333333333335,0,4,"rice flour, palm oil, salt, spice",0
0.916459964918581,0.5645849783434266,0.27949229133686837,0.23333333333333336,2,3,"fish extract, sesame oil, nitrate preservative",1
0.4174512554147618,0.8220679478092907,0.4686538666349469,0.10833333333333335,0,4,"rice flour, palm oil, salt, spice",1
0.5828373890707099,0.5428042607617009,0.6409967148792671,0.09285714285714287,2,4,"almond paste, sugar, cocoa butter, milk solids",1
0.5911824321490287,0.8472077787030295,0.7122294667159959,0.10833333333333335,0,4,"rice flour, palm oil, salt, spice",1
0.8235849513529645,0.497537094883801,0.3010202902148701,0.1125,3,4,"corn flour, peanut oil, whey milk powder, salt",1
0.8769237565251342,0.618124405698242,0.5452449625949213,0.1125,3,4,"corn flour, peanut oil, whey milk powder, salt",2
0.7967168912566881,0.7067210188594599,0.8122819640192898,0.1285714285714286,2,5,"wheat flour, sugar, salt, soy lecithin, flavor",2
0.8230509711758452,0.5318207719835722,0.5073142335958255,0.10833333333333335,0,4,"rice flour, palm oil, salt, spice",1
0.8919463430319416,0.5483648386153355,0.4002186529927643,0.1285714285714286,2,5,"wheat flour, sugar, salt, soy lecithin, flavor",1
0.6568046257555253,0.4856254579620111,0.5729732473172107,0.08333333333333333,3,4,"wheat gluten, soybean oil, stabilizer, emulsifier",2
0.48041912767686074,0.575808465717447,0.5583932900407137,0.4142857142857143,1,4,"raw milk, sugar syrup, preservative benzoate, color",2
0.831989830615978,0.7439795387310826,0.43922535525292117,0.1125,3,4,"corn flour, peanut oil, whey milk powder, salt",1
0.6140330515428072,0.30285080428680966,0.648000463269504,0.1125,3,4,"corn flour, peanut oil, whey milk powder, salt",2
0.8623087553901407,0.6922300313869049,0.5548175102833995,0.31428571428571433,1,4,"unpasteurized cream, egg powder, sulfite, artificial flavor",1
0.4193359073460406,0.2022025545600179,0.3080369960020557,0.1285714285714286,2,5,"wheat flour, sugar, salt, soy lecithin, flavor",2
0.5020220773909051,0.5004773933751149,0.4526061582331993,0.1285714285714286,2,5,"wheat flour, sugar, salt, soy lecithin, flavor",1
0.5385275134113479,0.8947787656247724,0.6456719619279326,0.1285714285714286,2,5,"wheat flour, sugar, salt, soy lecithin, flavor",1
0.594903599582592,0.3964089132519698,0.330791352096352,0.10833333333333335,0,4,"rice flour, palm oil, salt, spice",1
0.5244388120469731,0.33106072259382574,0.4905091243047226,0.1125,3,4,"corn flour, peanut oil, whey milk powder, salt",2
0.5926656555929052,0.7235959868696521,0.5992704648148033,0.09285714285714287,2,4,"almond paste, sugar, cocoa butter, milk solids",2
0.8251997068161923,0.8397868049501708,1.0,0.09285714285714287,2,4,"almond paste, sugar, cocoa butter, milk solids",2
0.7752732528176397,0.4381527133210013,0.5236909902888932,0.23333333333333336,2,3,"fish extract, sesame oil, nitrate preservative",2
0.6716372203613187,0.419618182396036,0.3488757300304221,0.1125,3,4,"corn flour, peanut oil, whey milk powder, salt",2
0.2530461955709855,0.2588886157375821,0.24760137187847803,0.4142857142857143,1,4,"raw milk, sugar syrup, preservative benzoate, color",2
0.6745961993061549,0.5937877694143272,0.7343614617738238,0.08333333333333333,3,4,"wheat gluten, soybean oil, stabilizer, emulsifier",2
0.7095113144626422,0.5919358618182979,0.7418573833032842,0.1125,3,4,"corn flour, peanut oil, whey milk powder, salt",2
0.6676971661597184,0.8042143741720285,0.0,0.31428571428571433,1,4,"unpasteurized cream, egg powder, sulfite, artificial flavor",0
0.8074829179466826,0.864278999390154,0.18096053855374222,0.1125,3,4,"corn flour, peanut oil, whey milk powder, salt",1
0.38913986651527155,0.3217569508878355,0.44845714548797977,0.1125,3,4,"corn flour, peanut oil, whey milk powder, salt",2
0.716978035228662,0.6858804849453205,0.7318891511560075,0.1125,3,4,"corn flour, peanut oil, whey milk powder, salt",2
0.5928751113049592,0.5439145670194715,0.8713589971230622,0.1125,3,4,"corn flour, peanut oil, whey milk powder, salt",2
0.6009973517025236,0.33288595301689944,0.44316952140035415,0.31428571428571433,1,4,"unpasteurized cream, egg powder, sulfite, artificial flavor",2
0.4816165004173556,0.5628937852205346,0.6381928411067189,0.09285714285714287,2,4,"almond paste, sugar, cocoa butter, milk solids",2
0.570162315002303,0.5485127306708821,0.11712969562642717,0.10833333333333335,0,4,"rice flour, palm oil, salt, spice",0
0.518819778699577,0.8023070149622102,0.6300317646413445,0.1285714285714286,2,5,"wheat flour, sugar, salt, soy lecithin, flavor",2
0.5331504045862632,0.30150830250851823,0.34485793403554826,0.1125,3,4,"corn flour, peanut oil, whey milk powder, salt",2
0.8677483040260491,0.3203733410391081,0.3991789129701976,0.08333333333333333,3,4,"wheat gluten, soybean oil, stabilizer, emulsifier",1
0.2832341525634313,0.22939998369431236,0.6077177516519285,0.08333333333333333,3,4,"wheat gluten, soybean oil, stabilizer, emulsifier",2
0.5195764668950034,0.5824183617117682,0.5914465133852858,0.1285714285714286,2,5,"wheat flour, sugar, salt, soy lecithin, flavor",2
0.7520227547489663,0.6070411852731515,0.35765634317067885,0.1125,3,4,"corn flour, peanut oil, whey milk powder, salt",1
0.6689704240781147,0.8936474482902763,0.6729912070241475,0.08333333333333333,3,4,"wheat gluten, soybean oil, stabilizer, emulsifier",2
0.5056470768740995,0.502924001437402,0.4684140177396039,0.1125,3,4,"corn flour, peanut oil, whey milk powder, salt",2
0.8278680527802272,0.7266703275517584,0.4327508705136684,0.08333333333333333,3,4,"wheat gluten, soybean oil, stabilizer, emulsifier",1
0.7295690365676474,0.281138575294874,0.4679545638965643,0.1285714285714286,2,5,"wheat flour, sugar, salt, soy lecithin, flavor",2
0.7122555779300972,0.42431247976357334,0.0,0.1125,3,4,"corn flour, peanut oil, whey milk powder, salt",0
0.6114991605905996,0.886749624524997,0.6282042169447818,0.10833333333333335,0,4,"rice flour, palm oil, salt, spice",1
0.5941695701793412,0.7708366764339386,0.37017570052536364,0.31428571428571433,1,4,"unpasteurized cream, egg powder, sulfite, artificial flavor",1
0.8554030887651547,0.6284997874003228,0.3443448748791319,0.4142857142857143,1,4,"raw milk, sugar syrup, preservative benzoate, color",1
0.6917371373771304,0.499856217455545,0.3824164632232278,0.09285714285714287,2,4,"almond paste, sugar, cocoa butter, milk solids",1
0.5355502297420767,0.4592484530474508,0.20606641388781072,0.08333333333333333,3,4,"wheat gluten, soybean oil, stabilizer, emulsifier",1
0.5673797810174565,0.4856703302716071,0.543729549047518,0.4142857142857143,1,4,"raw milk, sugar syrup, preservative benzoate, color",2
0.6994911301619573,0.5018659442728558,0.3752603660929268,0.23333333333333336,2,3,"fish extract, sesame oil, nitrate preservative",1
0.4932318286791452,0.553930019027314,0.3270170532364538,0.31428571428571433,1,4,"unpasteurized cream, egg powder, sulfite, artificial flavor",2
0.30102145997873603,0.7138812241729591,0.3956287890195142,0.1125,3,4,"corn flour, peanut oil, whey milk powder, salt",1
0.4031075145664611,0.6346071949460801,0.8024796965229528,0.4142857142857143,1,4,"raw milk, sugar syrup, preservative benzoate, color",2
0.792893731180033,0.1879108591283376,0.9327111014407867,0.23333333333333336,2,3,"fish extract, sesame oil, nitrate preservative",2
0.11285924470438508,0.5304993542166486,0.341831652988696,0.1285714285714286,2,5,"wheat flour, sugar, salt, soy lecithin, flavor",2
0.7461166377262844,0.5274860186064019,0.2996004128760096,0.08333333333333333,3,4,"wheat gluten, soybean oil, stabilizer, emulsifier",1
0.6926611626532337,0.31325573444694366,0.13782858842660428,0.4142857142857143,1,4,"raw milk, sugar syrup, preservative benzoate, color",2
0.5752764623544859,0.4704409188348855,0.6205792948980713,0.10833333333333335,0,4,"rice flour, palm oil, salt, spice",2
0.7043880915112711,0.2463269704920018,0.19549284605812345,0.1125,3,4,"corn flour, peanut oil, whey milk powder, salt",1
0.2900487714816119,0.7138681840348882,0.2610094772660747,0.10833333333333335,0,4,"rice flour, palm oil, salt, spice",1
0.9277138674970297,0.5003492934735646,0.5965739808920006,0.4142857142857143,1,4,"raw milk, sugar syrup, preservative benzoate, color",2
0.5103253637818134,0.33255293568232935,0.4363463025843435,0.1285714285714286,2,5,"wheat flour, sugar, salt, soy lecithin, flavor",2
0.5414713074593241,0.7399359805632718,0.3272323296201388,0.10833333333333335,0,4,"rice flour, palm oil, salt, spice",1
0.8907774491721472,0.3466978756186613,0.49977708884194455,0.10833333333333335,0,4,"rice flour, palm oil, salt, spice",0
0.5381288391231861,0.7102714472711098,0.8299618953903383,0.31428571428571433,1,4,"unpasteurized cream, egg powder, sulfite, artificial flavor",2
0.6331659400328196,0.39358442526632764,0.28185893123356714,0.08333333333333333,3,4,"wheat gluten, soybean oil, stabilizer, emulsifier",1
0.5212368047428567,0.5999211262029884,0.07940066485466896,0.23333333333333336,2,3,"fish extract, sesame oil, nitrate preservative",1
0.8019439924333425,0.4329631846946669,0.19268795995778704,0.10833333333333335,0,4,"rice flour, palm oil, salt, spice",0
0.18286291496265,0.7720308231765355,0.45301075926568707,0.1125,3,4,"corn flour, peanut oil, whey milk powder, salt",2
0.76526632053741,0.5298982326371604,0.4271688830761423,0.1125,3,4,"corn flour, peanut oil, whey milk powder, salt",1
0.7072346232081089,0.6852274769553717,0.8927281164324957,0.08333333333333333,3,4,"wheat gluten, soybean oil, stabilizer, emulsifier",2
0.41930473494884735,0.2763017132955228,0.8241093560406835,0.09285714285714287,2,4,"almond paste, sugar, cocoa butter, milk solids",2
0.8664413764148353,0.6550144081724134,0.5725786339506713,0.08333333333333333,3,4,"wheat gluten, soybean oil, stabilizer, emulsifier",1
0.5972152626893756,0.47615734170623797,0.653121053062604,0.23333333333333336,2,3,"fish extract, sesame oil, nitrate preservative",2
0.4562997398270111,0.6699653550921303,0.48592315576171563,0.1125,3,4,"corn flour, peanut oil, whey milk powder, salt",2
0.38235816515742793,0.8970147925028551,0.8402545103679864,0.1285714285714286,2,5,"wheat flour, sugar, salt, soy lecithin, flavor",2
0.5301940766326309,0.48993640536778554,0.8041120380972222,0.10833333333333335,0,4,"rice flour, palm oil, salt, spice",2
0.9370022416145616,0.5404644636772256,0.889053572273046,0.08333333333333333,3,4,"wheat gluten, soybean oil, stabilizer, emulsifier",2
0.6932732789012103,0.964216519843323,0.5065451638249496,0.1125,3,4,"corn flour, peanut oil, whey milk powder, salt",1
0.7948217497983445,0.39597438347186253,0.4791421169342025,0.09285714285714287,2,4,"almond paste, sugar, cocoa butter, milk solids",1
0.8802410280175379,0.7809770621451366,0.4930513551731112,0.23333333333333336,2,3,"fish extract, sesame oil, nitrate preservative",1
0.5341322891315134,0.32895903183649633,0.11233403725604035,0.1285714285714286,2,5,"wheat flour, sugar, salt, soy lecithin, flavor",1
0.33816513794461084,0.4254358326954351,0.6637699214134973,0.31428571428571433,1,4,"unpasteurized cream, egg powder, sulfite, artificial flavor",2
0.46979976128419826,0.5630338132728463,0.9225981808589246,0.23333333333333336,2,3,"fish extract, sesame oil, nitrate preservative",2
0.6691972987715386,0.23689455450631236,0.8344233469317115,0.1285714285714286,2,5,"wheat flour, sugar, salt, soy lecithin, flavor",2
0.577827546763397,0.6723158730041613,0.6476227339864201,0.10833333333333335,0,4,"rice flour, palm oil, salt, spice",1
0.7965431584371333,0.3982030272013801,0.6711455284060595,0.1125,3,4,"corn flour, peanut oil, whey milk powder, salt",2
0.5168412595762331,0.5599951949413191,0.26356738562781123,0.31428571428571433,1,4,"unpasteurized cream, egg powder, sulfite, artificial flavor",1
0.6079538102927254,0.44196928918550554,0.4878938473941348,0.09285714285714287,2,4,"almond paste, sugar, cocoa butter, milk solids",2
0.5768234563686595,0.34888961182101585,1.0,0.09285714285714287,2,4,"almond paste, sugar, cocoa butter, milk solids",2
0.6491569390136792,0.784422585495339,0.06456445512956888,0.08333333333333333,3,4,"wheat gluten, soybean oil, stabilizer, emulsifier",0
0.35185845415162037,0.5026788951103341,0.5452444609308778,0.1285714285714286,2,5,"wheat flour, sugar, salt, soy lecithin, flavor",2
0.3951124828304615,0.6299261372320144,0.5031657324934912,0.08333333333333333,3,4,"wheat gluten, soybean oil, stabilizer, emulsifier",2
0.8489643251751816,0.5292982703140547,0.8903200891708292,0.1125,3,4,"corn flour, peanut oil, whey milk powder, salt",2
0.7337089211919996,0.5380663038878943,0.42789666833331197,0.1285714285714286,2,5,"wheat flour, sugar, salt, soy lecithin, flavor",1
0.12084623931168093,0.0,0.7799328752624908,0.1285714285714286,2,5,"wheat flour, sugar, salt, soy lecithin, flavor",2
0.9397213703260704,0.5464943503435645,0.21562034356046395,0.1125,3,4,"corn flour, peanut oil, whey milk powder, salt",0
0.4187331196286803,0.8797149445947734,0.9926906335216221,0.09285714285714287,2,4,"almond paste, sugar, cocoa butter, milk solids",2
0.5980445255943247,0.2910066043051136,0.8402154571543312,0.1285714285714286,2,5,"wheat flour, sugar, salt, soy lecithin, flavor",2
0.6866113359614168,0.4328576942021629,0.5323125380868001,0.4142857142857143,1,4,"raw milk, sugar syrup, preservative benzoate, color",2
0.7956756940654381,0.5291177917728654,0.7549361893394826,0.08333333333333333,3,4,"wheat gluten, soybean oil, stabilizer, emulsifier",2
0.3817828629074476,0.7019513946036287,0.30731521011491986,0.31428571428571433,1,4,"unpasteurized cream, egg powder, sulfite, artificial flavor",1
0.6001884934948566,0.5742448367378714,0.124658673152093,0.10833333333333335,0,4,"rice flour, palm oil, salt, spice",0
0.5318991537856975,0.5050536491573357,0.5357293311853999,0.08333333333333333,3,4,"wheat gluten, soybean oil, stabilizer, emulsifier",2
0.4145072095702312,0.5427307752666192,0.7186960974012971,0.1125,3,4,"corn flour, peanut oil, whey milk powder, salt",2
0.35130636169168605,0.7382763900980691,0.47968119449566665,0.1125,3,4,"corn flour, peanut oil, whey milk powder, salt",2
0.6166078080257719,0.3092799570209095,0.2726309830787106,0.08333333333333333,3,4,"wheat gluten, soybean oil, stabilizer, emulsifier",1
0.8443207651199651,0.4033763337434808,0.6025695269833253,0.31428571428571433,1,4,"unpasteurized cream, egg powder, sulfite, artificial flavor",2
0.7367160742373794,0.3447835998137369,0.5086301441075864,0.08333333333333333,3,4,"wheat gluten, soybean oil, stabilizer, emulsifier",2
0.7134765518364297,0.43141919713414534,0.6507107720031131,0.4142857142857143,1,4,"raw milk, sugar syrup, preservative benzoate, color",2
0.30666550371282686,0.3815035914862547,0.44788253699507535,0.23333333333333336,2,3,"fish extract, sesame oil, nitrate preservative",2
0.36523819219321624,0.8307912107100025,0.18702610833514377,0.1285714285714286,2,5,"wheat flour, sugar, salt, soy lecithin, flavor",1
0.7882495065169256,0.5439630285708296,0.2845332832813908,0.10833333333333335,0,4,"rice flour, palm oil, salt, spice",0
0.46373467814691605,0.5910462183405957,0.19168074750068048,0.09285714285714287,2,4,"almond paste, sugar, cocoa butter, milk solids",1
0.6207989141696036,0.5879672788704955,0.8170368912128037,0.10833333333333335,0,4,"rice flour, palm oil, salt, spice",2
0.5014025468975628,0.5114946860953484,0.4799877231459077,0.1285714285714286,2,5,"wheat flour, sugar, salt, soy lecithin, flavor",1
0.2358446544540494,0.4378141998241924,0.5791616465831158,0.1125,3,4,"corn flour, peanut oil, whey milk powder, salt",2
0.9519875779134819,0.7018667542916937,0.8041545413298097,0.10833333333333335,0,4,"rice flour, palm oil, salt, spice",1
0.907781866066929,0.9201707268582535,0.7092563375713639,0.08333333333333333,3,4,"wheat gluten, soybean oil, stabilizer, emulsifier",1
0.5925592894264962,0.4824325337299476,0.6366753543969123,0.31428571428571433,1,4,"unpasteurized cream, egg powder, sulfite, artificial flavor",2
0.5656008822396161,0.07896602296434002,0.8790797768499521,0.23333333333333336,2,3,"fish extract, sesame oil, nitrate preservative",2
0.8624016050480524,0.610058687488236,0.8177556144605549,0.1125,3,4,"corn flour, peanut oil, whey milk powder, salt",2
1.0,0.7674220396977531,0.546024548347061,0.31428571428571433,1,4,"unpasteurized cream, egg powder, sulfite, artificial flavor",1
0.5480493218214911,0.838850079280476,0.08924676020310773,0.10833333333333335,0,4,"rice flour, palm oil, salt, spice",0
0.6957917087721277,0.9438451633644326,0.15174980766110796,0.1125,3,4,"corn flour, peanut oil, whey milk powder, salt",1
0.5195382972158661,0.3055991226080414,0.26067255175727644,0.31428571428571433,1,4,"unpasteurized cream, egg powder, sulfite, artificial flavor",2
0.399780255339356,0.6980568667305831,0.3541474696666542,0.4142857142857143,1,4,"raw milk, sugar syrup, preservative benzoate, color",2
0.660607294516135,0.4945293476137962,0.5075262260332156,0.23333333333333336,2,3,"fish extract, sesame oil, nitrate preservative",2
0.7948358612910507,0.48798093828211386,0.2702711565732451,0.4142857142857143,1,4,"raw milk, sugar syrup, preservative benzoate, color",1
0.3370694449250489,0.371878340598483,0.341778882888153,0.10833333333333335,0,4,"rice flour, palm oil, salt, spice",1
0.46301389734717857,0.69140814501938,0.14687069567914818,0.1285714285714286,2,5,"wheat flour, sugar, salt, soy lecithin, flavor",0
0.5683824952548258,0.2590712254283793,0.36651525461753576,0.1285714285714286,2,5,"wheat flour, sugar, salt, soy lecithin, flavor",1
0.5292063695360137,0.5803762966578583,0.35445264542681637,0.31428571428571433,1,4,"unpasteurized cream, egg powder, sulfite, artificial flavor",2
0.454719566284562,0.5689022986735146,0.5272833700932331,0.31428571428571433,1,4,"unpasteurized cream, egg powder, sulfite, artificial flavor",2
0.4919311627950568,0.7034677395441147,0.5092079846721451,0.09285714285714287,2,4,"almond paste, sugar, cocoa butter, milk solids",2
0.635456274826668,0.4975434757967879,0.6114533001294803,0.08333333333333333,3,4,"wheat gluten, soybean oil, stabilizer, emulsifier",2
0.9024552790761002,0.5656940156354024,0.4107586208471758,0.1125,3,4,"corn flour, peanut oil, whey milk powder, salt",1
0.7001806430567981,0.3859977594720995,0.7415926154813044,0.08333333333333333,3,4,"wheat gluten, soybean oil, stabilizer, emulsifier",2
0.622903460815185,0.7800447516994907,0.026505645782800014,0.1125,3,4,"corn flour, peanut oil, whey milk powder, salt",1
0.625397168789185,0.6642898451032688,0.6597483923454218,0.4142857142857143,1,4,"raw milk, sugar syrup, preservative benzoate, color",2
0.7795292250671462,0.6538141425843625,0.8873938508071069,0.1125,3,4,"corn flour, peanut oil, whey milk powder, salt",2
0.7621941912427781,0.18884997484634747,1.0,0.1285714285714286,2,5,"wheat flour, sugar, salt, soy lecithin, flavor",2
0.8691979227363122,0.5553586886238877,0.7334398566725675,0.4142857142857143,1,4,"raw milk, sugar syrup, preservative benzoate, color",2
0.554425701829007,0.8658006223179777,0.596506996831742,0.08333333333333333,3,4,"wheat gluten, soybean oil, stabilizer, emulsifier",2
0.21046616313484734,0.532885464042275,0.5903213597128251,0.1125,3,4,"corn flour, peanut oil, whey milk powder, salt",2
0.5341372358752582,0.5597574210069262,0.7598698881712982,0.08333333333333333,3,4,"wheat gluten, soybean oil, stabilizer, emulsifier",2
0.7060830902949013,0.48322303480128936,0.2992900125982033,0.1125,3,4,"corn flour, peanut oil, whey milk powder, salt",1
0.7870458896671526,0.5229773938186744,0.6926630120274087,0.08333333333333333,3,4,"wheat gluten, soybean oil, stabilizer, emulsifier",2
0.5842731713112299,0.41138388960235844,0.3602485131530874,0.23333333333333336,2,3,"fish extract, sesame oil, nitrate preservative",2
0.41168720044849405,0.21302743289817505,0.6830029194612035,0.10833333333333335,0,4,"rice flour, palm oil, salt, spice",2
0.6594697960180766,0.7979413814138248,0.21203661509223326,0.23333333333333336,2,3,"fish extract, sesame oil, nitrate preservative",1
0.6683537176130329,0.797831999684087,0.20752060077427026,0.1285714285714286,2,5,"wheat flour, sugar, salt, soy lecithin, flavor",0
0.7856742794988663,0.5127245872086434,0.46976166156351284,0.31428571428571433,1,4,"unpasteurized cream, egg powder, sulfite, artificial flavor",2
0.7048234693260821,0.6622561052802434,0.28396609276455675,0.4142857142857143,1,4,"raw milk, sugar syrup, preservative benzoate, color",2
0.8100209691942428,0.5872165787380597,0.17128583255907326,0.08333333333333333,3,4,"wheat gluten, soybean oil, stabilizer, emulsifier",0
0.39397195719837286,0.47797238728459734,0.1899387347371208,0.1125,3,4,"corn flour, peanut oil, whey milk powder, salt",2
0.6298719566823692,0.22084336703715113,0.5773222695480358,0.23333333333333336,2,3,"fish extract, sesame oil, nitrate preservative",2
0.529524161924023,0.3897041198513952,0.33041418217928253,0.08333333333333333,3,4,"wheat gluten, soybean oil, stabilizer, emulsifier",1
0.6033885173845884,0.5795916930849585,0.4580416268822174,0.31428571428571433,1,4,"unpasteurized cream, egg powder, sulfite, artificial flavor",2
1.0,0.3958549697003583,0.37724615811983764,0.1285714285714286,2,5,"wheat flour, sugar, salt, soy lecithin, flavor",2
0.6757823944428994,0.27400386681926087,0.685391184874998,0.31428571428571433,1,4,"unpasteurized cream, egg powder, sulfite, artificial flavor",2
0.5620267897132774,0.46204083010211855,0.8540162931420683,0.23333333333333336,2,3,"fish extract, sesame oil, nitrate preservative",2
0.7751380987408574,0.6369839359039893,0.40222220476551834,0.1285714285714286,2,5,"wheat flour, sugar, salt, soy lecithin, flavor",1
0.6242528478331596,0.9103285208693013,0.6871071847044199,0.1125,3,4,"corn flour, peanut oil, whey milk powder, salt",2
0.6452675755832072,0.577447425793525,0.22472746716910186,0.4142857142857143,1,4,"raw milk, sugar syrup, preservative benzoate, color",1
0.5251046781720248,0.6175354037409391,0.5046876478781245,0.23333333333333336,2,3,"fish extract, sesame oil, nitrate preservative",2
0.7193602285918316,0.5834306575169683,0.19921316391356036,0.08333333333333333,3,4,"wheat gluten, soybean oil, stabilizer, emulsifier",1
0.5854404383348762,0.4814958302601225,0.392549435665582,0.1125,3,4,"corn flour, peanut oil, whey milk powder, salt",2
0.8494879776694944,0.6388786807155342,0.4763499660252404,0.10833333333333335,0,4,"rice flour, palm oil, salt, spice",0
0.5657598747018422,0.6176211843012661,0.4029452956720021,0.10833333333333335,0,4,"rice flour, palm oil, salt, spice",1
0.6367597666118944,0.6705872042515849,0.36378986935536606,0.4142857142857143,1,4,"raw milk, sugar syrup, preservative benzoate, color",2
0.496938002708177,0.44421498817085125,0.2641486100777908,0.08333333333333333,3,4,"wheat gluten, soybean oil, stabilizer, emulsifier",2
0.42557055428583646,0.41021673251866564,0.7761896963070612,0.4142857142857143,1,4,"raw milk, sugar syrup, preservative benzoate, color",2
0.41783477983502354,0.716590241524537,0.6862819737220343,0.23333333333333336,2,3,"fish extract, sesame oil, nitrate preservative",2
0.6967553690749099,0.5647178222038953,0.3846371332736434,0.4142857142857143,1,4,"raw milk, sugar syrup, preservative benzoate, color",1
0.7376647689107861,0.4113391545599152,0.5087629890090896,0.1125,3,4,"corn flour, peanut oil, whey milk powder, salt",2
0.39692207297296495,0.5855302753242605,0.4085916138673769,0.1285714285714286,2,5,"wheat flour, sugar, salt, soy lecithin, flavor",1
0.3185153699629792,0.47571477446107213,0.48127910650651856,0.4142857142857143,1,4,"raw milk, sugar syrup, preservative benzoate, color",2
0.717133096978301,0.5368906916434075,0.626914768331703,0.23333333333333336,2,3,"fish extract, sesame oil, nitrate preservative",2
0.6205411628049505,0.29746509759633555,0.6186764745400626,0.4142857142857143,1,4,"raw milk, sugar syrup, preservative benzoate, color",2
0.7652818547760207,0.4823088507516171,0.7337573735881817,0.1125,3,4,"corn flour, peanut oil, whey milk powder, salt",2
0.6685682904327427,0.784099418685351,0.8666539598292828,0.4142857142857143,1,4,"raw milk, sugar syrup, preservative benzoate, color",2
0.9307942135416161,0.49206709003491395,0.741728876919854,0.1125,3,4,"corn flour, peanut oil, whey milk powder, salt",2
0.17849525264583976,0.3256817976693753,0.6026688955777683,0.4142857142857143,1,4,"raw milk, sugar syrup, preservative benzoate, color",2
0.6768509299420532,0.7312916241624727,0.3897095576019788,0.10833333333333335,0,4,"rice flour, palm oil, salt, spice",0
0.42615378254684655,0.5297572883968165,0.522459937475378,0.1125,3,4,"corn flour, peanut oil, whey milk powder, salt",2
0.9013846632336279,0.40611923606260497,0.8061152994361687,0.23333333333333336,2,3,"fish extract, sesame oil, nitrate preservative",2
0.8129589735386524,0.7762714304506636,0.4075432625059483,0.31428571428571433,1,4,"unpasteurized cream, egg powder, sulfite, artificial flavor",1
0.6758122350595607,0.44201216428145207,0.6355089861725763,0.08333333333333333,3,4,"wheat gluten, soybean oil, stabilizer, emulsifier",2
0.7019441482327207,0.6844309956401415,0.17858514638186912,0.23333333333333336,2,3,"fish extract, sesame oil, nitrate preservative",1
0.4169832765290651,0.4320226118604401,0.9756271918614706,0.10833333333333335,0,4,"rice flour, palm oil, salt, spice",2
0.8074648642022506,0.36046459943152465,0.401567788278271,0.1125,3,4,"corn flour, peanut oil, whey milk powder, salt",2
0.6076981617554327,0.23768059097469418,0.6196777151509762,0.31428571428571433,1,4,"unpasteurized cream, egg powder, sulfite, artificial flavor",2
0.49088634942585596,0.7602451947451853,0.8906535671204572,0.10833333333333335,0,4,"rice flour, palm oil, salt, spice",2
0.5652216562635253,0.6277250548288902,0.31138393443808166,0.1125,3,4,"corn flour, peanut oil, whey milk powder, salt",1
0.5558878371131942,0.5597876785416224,0.5156782374272841,0.10833333333333335,0,4,"rice flour, palm oil, salt, spice",1
0.4922112578177788,0.43896565513004937,0.4739107304585373,0.31428571428571433,1,4,"unpasteurized cream, egg powder, sulfite, artificial flavor",2
0.6583091355754833,0.18704765026496067,0.33929742304003063,0.31428571428571433,1,4,"unpasteurized cream, egg powder, sulfite, artificial flavor",2
0.44589926633449106,0.8758396029617783,0.5041496062794893,0.4142857142857143,1,4,"raw milk, sugar syrup, preservative benzoate, color",2
0.597159794332867,0.30694930713945323,0.4626402520590838,0.31428571428571433,1,4,"unpasteurized cream, egg powder, sulfite, artificial flavor",2
0.5500673547438907,0.03801668673950054,0.25183929414242434,0.1285714285714286,2,5,"wheat flour, sugar, salt, soy lecithin, flavor",2
0.8374270804647416,0.8275442539341848,0.648057233316185,0.23333333333333336,2,3,"fish extract, sesame oil, nitrate preservative",1
0.4132948296721879,0.7793489210899394,0.514204954365226,0.1125,3,4,"corn flour, peanut oil, whey milk powder, salt",2
0.9551212538604863,0.518641641860849,0.7939306913969141,0.31428571428571433,1,4,"unpasteurized cream, egg powder, sulfite, artificial flavor",2
0.41586901292747175,0.4530003843418263,0.2727445703463232,0.23333333333333336,2,3,"fish extract, sesame oil, nitrate preservative",1
0.5646068933551761,0.5604732646380273,0.6223726096941216,0.1125,3,4,"corn flour, peanut oil, whey milk powder, salt",1
0.8316178807122698,0.48018116733201655,0.6171282873723286,0.09285714285714287,2,4,"almond paste, sugar, cocoa butter, milk solids",2
0.5811256701990539,0.1252725081914139,0.5125680749597834,0.23333333333333336,2,3,"fish extract, sesame oil, nitrate preservative",2
0.4138330453547789,0.5794981308865877,0.42057594436021584,0.08333333333333333,3,4,"wheat gluten, soybean oil, stabilizer, emulsifier",1
0.49852947283839666,0.4687241570525862,0.3982326535968414,0.31428571428571433,1,4,"unpasteurized cream, egg powder, sulfite, artificial flavor",2
0.5926350908807894,0.5658199641091644,0.4030600460349927,0.1125,3,4,"corn flour, peanut oil, whey milk powder, salt",2
0.7166149471475711,0.6873733922669713,0.633370645294556,0.23333333333333336,2,3,"fish extract, sesame oil, nitrate preservative",1
0.44229861029415507,0.5090025212801748,0.3403099106514904,0.4142857142857143,1,4,"raw milk, sugar syrup, preservative benzoate, color",2
0.35762474163585456,0.49869488853148,0.4847261992998454,0.1285714285714286,2,5,"wheat flour, sugar, salt, soy lecithin, flavor",2
0.6142065382829807,0.4632332718183248,0.7399261892222466,0.1285714285714286,2,5,"wheat flour, sugar, salt, soy lecithin, flavor",2
0.6365784772130446,0.26958579215118905,0.4800552013378214,0.4142857142857143,1,4,"raw milk, sugar syrup, preservative benzoate, color",2
0.5805382491209542,0.4009738365538622,0.5840318673666578,0.08333333333333333,3,4,"wheat gluten, soybean oil, stabilizer, emulsifier",2
0.16060980863002228,0.6644831165126388,0.699671025247979,0.4142857142857143,1,4,"raw milk, sugar syrup, preservative benzoate, color",2
0.6031951749972915,0.5868293945823148,0.840367781499409,0.10833333333333335,0,4,"rice flour, palm oil, salt, spice",1
1.0,0.4953805432088051,0.08398136182127958,0.10833333333333335,0,4,"rice flour, palm oil, salt, spice",0
0.1016028201364148,0.5981841424912306,0.678152647261208,0.31428571428571433,1,4,"unpasteurized cream, egg powder, sulfite, artificial flavor",2
0.7662577479664042,0.19995690703078595,0.2092543333161,0.1125,3,4,"corn flour, peanut oil, whey milk powder, salt",1
0.4645797292559727,0.4912266205052825,0.2219749297305652,0.31428571428571433,1,4,"unpasteurized cream, egg powder, sulfite, artificial flavor",1
0.6988542889619459,0.5900799000960586,0.5454718159491252,0.4142857142857143,1,4,"raw milk, sugar syrup, preservative benzoate, color",2
0.6886664792960769,0.4838267196391116,0.4633483723170841,0.1285714285714286,2,5,"wheat flour, sugar, salt, soy lecithin, flavor",2
0.8432131791226201,0.8388950598746188,0.6656125762201618,0.10833333333333335,0,4,"rice flour, palm oil, salt, spice",0
0.20646721578715227,0.7657669828519882,0.5245047134928376,0.10833333333333335,0,4,"rice flour, palm oil, salt, spice",1
0.44491940144199427,0.4651689483538115,0.6154758801497386,0.10833333333333335,0,4,"rice flour, palm oil, salt, spice",1
0.5802934362707278,0.7678274367826723,0.5464443635966486,0.1285714285714286,2,5,"wheat flour, sugar, salt, soy lecithin, flavor",2
0.6013929001958914,0.08265172472852234,0.25673009505263256,0.10833333333333335,0,4,"rice flour, palm oil, salt, spice",1
0.3209547443486483,0.48466148228261,0.5744657350115872,0.1285714285714286,2,5,"wheat flour, sugar, salt, soy lecithin, flavor",2
0.4841722123650367,0.5395108467009,0.5772008533582225,0.1125,3,4,"corn flour, peanut oil, whey milk powder, salt",2
0.7888683027994459,0.39017123339430565,0.5264354053433896,0.23333333333333336,2,3,"fish extract, sesame oil, nitrate preservative",2
0.751147788580794,0.5797917082484699,0.6735460568935002,0.08333333333333333,3,4,"wheat gluten, soybean oil, stabilizer, emulsifier",2
0.667752822867701,0.423521648630129,0.3612302248579309,0.1285714285714286,2,5,"wheat flour, sugar, salt, soy lecithin, flavor",2
0.4158662700799677,0.5861726849309663,0.0,0.08333333333333333,3,4,"wheat gluten, soybean oil, stabilizer, emulsifier",0
0.772984981791583,0.5249708822577681,0.5259407873265268,0.23333333333333336,2,3,"fish extract, sesame oil, nitrate preservative",1
0.6608890002888982,0.643057975079668,0.7117182564935601,0.10833333333333335,0,4,"rice flour, palm oil, salt, spice",1
0.5701819537276531,0.2835765141180276,0.45500526138189645,0.4142857142857143,1,4,"raw milk, sugar syrup, preservative benzoate, color",2
0.4046677133800959,0.8517369815607944,0.44047653566707917,0.31428571428571433,1,4,"unpasteurized cream, egg powder, sulfite, artificial flavor",2
0.5075706747843499,0.19188979610962054,0.7059448874845357,0.08333333333333333,3,4,"wheat gluten, soybean oil, stabilizer, emulsifier",2
0.590169321446989,0.5960979286859711,0.3401766870036486,0.31428571428571433,1,4,"unpasteurized cream, egg powder, sulfite, artificial flavor",1
0.4558032073796211,0.4002484024760675,0.32991943106588234,0.10833333333333335,0,4,"rice flour, palm oil, salt, spice",1
0.6541762693988685,0.5816594074435832,0.7113001170437674,0.4142857142857143,1,4,"raw milk, sugar syrup, preservative benzoate, color",2
0.7424035740955606,0.5155559723811804,0.595566355848656,0.1125,3,4,"corn flour, peanut oil, whey milk powder, salt",1
0.6679584336418536,0.636236625207846,0.6046105132934142,0.1125,3,4,"corn flour, peanut oil, whey milk powder, salt",2
0.868150005397867,0.45802443685259564,0.5925933843279213,0.10833333333333335,0,4,"rice flour, palm oil, salt, spice",1
0.5429346684378299,0.41936141875416943,0.17040801542862888,0.4142857142857143,1,4,"raw milk, sugar syrup, preservative benzoate, color",2
0.6758539632687371,0.6406122211788605,1.0,0.09285714285714287,2,4,"almond paste, sugar, cocoa butter, milk solids",2
0.5647373565012643,0.35504351823026936,0.41290895319179005,0.08333333333333333,3,4,"wheat gluten, soybean oil, stabilizer, emulsifier",2
0.4943356096079311,0.2713434989289206,0.8503503594079052,0.1285714285714286,2,5,"wheat flour, sugar, salt, soy lecithin, flavor",2
0.7363748093128337,0.6442134549698783,0.5606519612032504,0.1125,3,4,"corn flour, peanut oil, whey milk powder, salt",2
0.6241082538765582,0.6840442913983183,0.6656847061931106,0.31428571428571433,1,4,"unpasteurized cream, egg powder, sulfite, artificial flavor",2
0.8754716042617036,0.4544196920453133,0.5860889920940161,0.4142857142857143,1,4,"raw milk, sugar syrup, preservative benzoate, color",2
0.49027958659254556,0.38843552293770134,0.4221525554086328,0.09285714285714287,2,4,"almond paste, sugar, cocoa butter, milk solids",1
0.4827308851465304,0.6032445969269125,0.7785075885126918,0.1125,3,4,"corn flour, peanut oil, whey milk powder, salt",2
0.1320837902933571,0.6782607429514655,0.37720660710294207,0.09285714285714287,2,4,"almond paste, sugar, cocoa butter, milk solids",2
0.565316227304371,0.5295528544075718,0.4950666521806484,0.23333333333333336,2,3,"fish extract, sesame oil, nitrate preservative",2
0.5964611663246843,0.7671072266362401,0.7067792904860446,0.10833333333333335,0,4,"rice flour, palm oil, salt, spice",1
0.8009938781090892,0.4584197411728824,0.6574600018364499,0.4142857142857143,1,4,"raw milk, sugar syrup, preservative benzoate, color",2
0.386686672205414,0.9452777473662399,0.2894637252956148,0.1285714285714286,2,5,"wheat flour, sugar, salt, soy lecithin, flavor",1
0.5243783894951691,0.5410342231339588,0.21375921076311155,0.1285714285714286,2,5,"wheat flour, sugar, salt, soy lecithin, flavor",1
0.4051067434987273,0.4709112411372029,0.7035659040733067,0.09285714285714287,2,4,"almond paste, sugar, cocoa butter, milk solids",2
0.7532678628444965,0.5485800476181716,0.38071924094994547,0.08333333333333333,3,4,"wheat gluten, soybean oil, stabilizer, emulsifier",1
0.5699027693441395,0.3168677320188575,0.906518136518913,0.4142857142857143,1,4,"raw milk, sugar syrup, preservative benzoate, color",2
0.5270810690884937,0.7859931478915179,0.38452672820875117,0.1285714285714286,2,5,"wheat flour, sugar, salt, soy lecithin, flavor",0
0.47783802085872384,0.8153549200909586,0.6830690755205658,0.31428571428571433,1,4,"unpasteurized cream, egg powder, sulfite, artificial flavor",2
0.7346296011879389,0.4966821272730787,0.46349983187776245,0.23333333333333336,2,3,"fish extract, sesame oil, nitrate preservative",2
0.45026034906051315,0.5509010131018702,0.5678729402149238,0.10833333333333335,0,4,"rice flour, palm oil, salt, spice",1
0.545449886634176,0.7556136039920646,0.09421066136157252,0.1285714285714286,2,5,"wheat flour, sugar, salt, soy lecithin, flavor",0
0.5132841634743743,0.7420141927843202,0.4904197547397236,0.1125,3,4,"corn flour, peanut oil, whey milk powder, salt",2
0.5261598610458865,0.5979317393117918,0.4221048619387192,0.1125,3,4,"corn flour, peanut oil, whey milk powder, salt",2
0.36020441160761785,0.3852608046857333,0.6002517820820826,0.4142857142857143,1,4,"raw milk, sugar syrup, preservative benzoate, color",2
0.8474048188782748,0.5219729743143988,0.08554750837382413,0.10833333333333335,0,4,"rice flour, palm oil, salt, spice",0
0.32471050815450964,0.5460590288309197,0.4855024316820454,0.1125,3,4,"corn flour, peanut oil, whey milk powder, salt",2
0.40055270163968926,0.4673827224678214,0.507394263120547,0.31428571428571433,1,4,"unpasteurized cream, egg powder, sulfite, artificial flavor",2
0.45795035413096696,0.730289340067072,0.36329271022071263,0.1125,3,4,"corn flour, peanut oil, whey milk powder, salt",1
0.7934712316264693,0.5234407094118682,0.3472070293246502,0.4142857142857143,1,4,"raw milk, sugar syrup, preservative benzoate, color",2
0.9856947371907743,0.5919365268617895,0.7714453413903954,0.1125,3,4,"corn flour, peanut oil, whey milk powder, salt",2
0.6047941524857219,0.29349107405920255,0.45491270140044027,0.09285714285714287,2,4,"almond paste, sugar, cocoa butter, milk solids",1
0.5274805277083857,0.40002099372393274,0.4368387021969752,0.1285714285714286,2,5,"wheat flour, sugar, salt, soy lecithin, flavor",2
0.2644128244040306,0.4007758870203028,0.16573214243718448,0.08333333333333333,3,4,"wheat gluten, soybean oil, stabilizer, emulsifier",2
0.6905971255297537,0.601309644370833,0.3267710334741348,0.10833333333333335,0,4,"rice flour, palm oil, salt, spice",0
0.3951194190449545,0.6983859839417861,0.6799661058192298,0.31428571428571433,1,4,"unpasteurized cream, egg powder, sulfite, artificial flavor",2
0.4904972519941579,0.7858724625386158,0.3914119047078251,0.1285714285714286,2,5,"wheat flour, sugar, salt, soy lecithin, flavor",1
0.5596832105257612,0.06576442852216213,0.43357909282827856,0.1285714285714286,2,5,"wheat flour, sugar, salt, soy lecithin, flavor",2
0.5261910688745091,0.9012376136170279,0.24425746122843917,0.1125,3,4,"corn flour, peanut oil, whey milk powder, salt",0
0.49852014378081516,0.756282612588141,0.825166994751932,0.09285714285714287,2,4,"almond paste, sugar, cocoa butter, milk solids",2
0.4698586423098234,0.31857427028121704,0.7873827850342467,0.10833333333333335,0,4,"rice flour, palm oil, salt, spice",2
0.34870214466476157,0.2886674869087496,0.5375384790846105,0.1285714285714286,2,5,"wheat flour, sugar, salt, soy lecithin, flavor",2
0.2280939350961933,0.4857380178924235,0.8560250957026244,0.1125,3,4,"corn flour, peanut oil, whey milk powder, salt",2
0.7168283032120231,0.3331440798329285,0.4356123154625917,0.1125,3,4,"corn flour, peanut oil, whey milk powder, salt",2
0.4285479177431688,0.3560263954378118,0.8314890902660834,0.1285714285714286,2,5,"wheat flour, sugar, salt, soy lecithin, flavor",2
0.5214327938942971,0.5448721340233655,0.6236057720124859,0.10833333333333335,0,4,"rice flour, palm oil, salt, spice",1
0.702222776429016,0.1407140600903236,0.5967356254512202,0.4142857142857143,1,4,"raw milk, sugar syrup, preservative benzoate, color",2
0.7537637373573285,0.6744590612116752,0.21434969462837294,0.1285714285714286,2,5,"wheat flour, sugar, salt, soy lecithin, flavor",0
0.4760390327419257,0.5872431724716269,0.05297469819038525,0.10833333333333335,0,4,"rice flour, palm oil, salt, spice",0
0.5490533074432229,0.6550641936106104,0.5492193148317649,0.23333333333333336,2,3,"fish extract, sesame oil, nitrate preservative",2
0.2514859151532918,0.5766826163141646,0.2903234196494049,0.08333333333333333,3,4,"wheat gluten, soybean oil, stabilizer, emulsifier",1
0.8551200090181832,0.5423879753115982,0.6218942640180916,0.09285714285714287,2,4,"almond paste, sugar, cocoa butter, milk solids",1
0.6441942445791062,0.5380188124645675,0.77043006773776,0.23333333333333336,2,3,"fish extract, sesame oil, nitrate preservative",2
0.790586604083903,0.5315932415210701,0.2560548961168009,0.31428571428571433,1,4,"unpasteurized cream, egg powder, sulfite, artificial flavor",2
0.405853302599388,0.5370599836900953,0.5762713943256349,0.4142857142857143,1,4,"raw milk, sugar syrup, preservative benzoate, color",2
0.5667431333052645,0.503013626742409,0.25449455110989816,0.23333333333333336,2,3,"fish extract, sesame oil, nitrate preservative",2
0.5604016348115921,0.6693861985646192,0.4263763713100468,0.1285714285714286,2,5,"wheat flour, sugar, salt, soy lecithin, flavor",1
0.32102775816193485,0.5178757719758462,0.4104583160497254,0.31428571428571433,1,4,"unpasteurized cream, egg powder, sulfite, artificial flavor",2
0.3845939788347872,0.43457056448902903,0.3023430973141019,0.08333333333333333,3,4,"wheat gluten, soybean oil, stabilizer, emulsifier",2
0.7012139720507046,0.744032294681196,0.46785295948861017,0.10833333333333335,0,4,"rice flour, palm oil, salt, spice",0
0.3544523054225357,0.721952812959216,0.22266931586403138,0.09285714285714287,2,4,"almond paste, sugar, cocoa butter, milk solids",1
0.6678838471759849,0.6443169615691775,0.2945924274280616,0.08333333333333333,3,4,"wheat gluten, soybean oil, stabilizer, emulsifier",0
0.7286868841380725,0.42413107788712073,0.0,0.10833333333333335,0,4,"rice flour, palm oil, salt, spice",0
0.6840844580229456,0.828564369863394,0.5036877405976284,0.1125,3,4,"corn flour, peanut oil, whey milk powder, salt",2
0.6276835824965163,0.8674858656282296,0.26633643607343666,0.23333333333333336,2,3,"fish extract, sesame oil, nitrate preservative",1
0.5657258837381918,0.780443799330534,0.4049513013076283,0.23333333333333336,2,3,"fish extract, sesame oil, nitrate preservative",2
0.9819955507690041,0.60641439924546,0.6215722596780157,0.4142857142857143,1,4,"raw milk, sugar syrup, preservative benzoate, color",2
0.3638399973759977,0.801283782771527,0.5602774640320599,0.09285714285714287,2,4,"almond paste, sugar, cocoa butter, milk solids",2
0.6020021945186089,0.07279170552718617,0.4580762908194597,0.1125,3,4,"corn flour, peanut oil, whey milk powder, salt",2
0.779105540109121,0.6653360468259821,0.5870009027358112,0.08333333333333333,3,4,"wheat gluten, soybean oil, stabilizer, emulsifier",1
0.7063157543994373,0.6758795891046768,0.7739423838291206,0.1285714285714286,2,5,"wheat flour, sugar, salt, soy lecithin, flavor",2
0.5300741713887216,0.4015466725684711,0.5379515814447163,0.4142857142857143,1,4,"raw milk, sugar syrup, preservative benzoate, color",2
0.5578652268455737,0.7555208722802348,0.2576888735402276,0.08333333333333333,3,4,"wheat gluten, soybean oil, stabilizer, emulsifier",0
0.5351410342633224,0.3042819568176308,0.4893142724641605,0.1285714285714286,2,5,"wheat flour, sugar, salt, soy lecithin, flavor",2
0.4584272794801656,0.7247532508112392,0.4869098837769179,0.1125,3,4,"corn flour, peanut oil, whey milk powder, salt",2
0.5956449201183561,0.43744351906365786,0.4984497610821934,0.10833333333333335,0,4,"rice flour, palm oil, salt, spice",1
0.5259598381913464,0.6536823925069329,0.321195668569937,0.4142857142857143,1,4,"raw milk, sugar syrup, preservative benzoate, color",2
0.753302377181229,0.562195308486733,0.834609821346034,0.09285714285714287,2,4,"almond paste, sugar, cocoa butter, milk solids",2
0.3342881808038637,0.42675655080488667,0.1953855914324511,0.08333333333333333,3,4,"wheat gluten, soybean oil, stabilizer, emulsifier",1
0.5992478171857215,0.45406380465914825,0.4148682285928049,0.23333333333333336,2,3,"fish extract, sesame oil, nitrate preservative",2
0.8970664502074279,0.40289885847139273,0.20913054242167417,0.1125,3,4,"corn flour, peanut oil, whey milk powder, salt",1
0.9669792639872193,0.444758872241173,0.6861165195464942,0.1285714285714286,2,5,"wheat flour, sugar, salt, soy lecithin, flavor",2
0.5061595502036393,0.40141584641819283,0.663100636804799,0.10833333333333335,0,4,"rice flour, palm oil, salt, spice",2
0.3968815854651503,0.04271399901039896,0.6309851078753366,0.23333333333333336,2,3,"fish extract, sesame oil, nitrate preservative",2
0.5708129242244492,0.2117111804596294,0.2584174823203482,0.4142857142857143,1,4,"raw milk, sugar syrup, preservative benzoate, color",2
0.6212104935931736,0.6666936253263629,0.9993147652427434,0.1125,3,4,"corn flour, peanut oil, whey milk powder, salt",2
0.8007724793574502,0.38400544460404507,0.13151181070542173,0.10833333333333335,0,4,"rice flour, palm oil, salt, spice",0
0.6026411700904386,0.393909175098267,0.07006029491399118,0.10833333333333335,0,4,"rice flour, palm oil, salt, spice",0
0.5032388916410315,0.22247613941116046,0.6975977939116037,0.23333333333333336,2,3,"fish extract, sesame oil, nitrate preservative",2
0.4679890197579511,0.4418204619474406,0.5758629760849502,0.4142857142857143,1,4,"raw milk, sugar syrup, preservative benzoate, color",2
0.7383270727213077,0.5320517722541342,0.6162956787420083,0.1125,3,4,"corn flour, peanut oil, whey milk powder, salt",2
0.5743215396124267,0.260941010353774,0.6318183144915975,0.1285714285714286,2,5,"wheat flour, sugar, salt, soy lecithin, flavor",2
0.5255491465768727,0.8055532727183321,0.18587660075907053,0.1285714285714286,2,5,"wheat flour, sugar, salt, soy lecithin, flavor",1
0.6571532721305217,0.4709911770939459,0.13324395924486737,0.08333333333333333,3,4,"wheat gluten, soybean oil, stabilizer, emulsifier",1
0.6602540832407027,0.6852450892805189,0.4564326963434417,0.10833333333333335,0,4,"rice flour, palm oil, salt, spice",0
0.9693635322773928,0.33149280324557695,0.8139508808126259,0.10833333333333335,0,4,"rice flour, palm oil, salt, spice",1
0.5671579362489838,0.6750416519199809,0.3195572217522078,0.08333333333333333,3,4,"wheat gluten, soybean oil, stabilizer, emulsifier",2
0.6829531523339405,0.49647859839617486,0.64491846314376,0.08333333333333333,3,4,"wheat gluten, soybean oil, stabilizer, emulsifier",2
0.5763685312278214,0.8959425581498472,0.3654489221565941,0.31428571428571433,1,4,"unpasteurized cream, egg powder, sulfite, artificial flavor",1
0.4076552269171735,0.5927619409274664,0.501620506327082,0.4142857142857143,1,4,"raw milk, sugar syrup, preservative benzoate, color",2
0.6644404381549427,0.5792579092217036,0.4840308715924123,0.1125,3,4,"corn flour, peanut oil, whey milk powder, salt",2
0.533814068175661,0.5779668190029964,0.3583388732799683,0.08333333333333333,3,4,"wheat gluten, soybean oil, stabilizer, emulsifier",2
0.34632001581624317,0.43305278455310825,0.38873673699307304,0.1125,3,4,"corn flour, peanut oil, whey milk powder, salt",2
0.6766660136374998,0.599678813009308,0.5733925070284006,0.1285714285714286,2,5,"wheat flour, sugar, salt, soy lecithin, flavor",2
0.8188492847544759,0.45980863469597655,0.542683838888678,0.1285714285714286,2,5,"wheat flour, sugar, salt, soy lecithin, flavor",1
0.45708190299025453,0.5127235148078968,0.12921818974032712,0.09285714285714287,2,4,"almond paste, sugar, cocoa butter, milk solids",1
0.2946176347963906,0.5796569213583174,0.23016876953503912,0.10833333333333335,0,4,"rice flour, palm oil, salt, spice",0
0.7058252302644519,0.7798406275341087,0.8431399691502839,0.4142857142857143,1,4,"raw milk, sugar syrup, preservative benzoate, color",2
0.8698148992393568,0.25689886876421975,0.6641420735998786,0.08333333333333333,3,4,"wheat gluten, soybean oil, stabilizer, emulsifier",2
0.7106045761147997,0.7389903050338427,0.7013590450622398,0.08333333333333333,3,4,"wheat gluten, soybean oil, stabilizer, emulsifier",2
0.623752314239263,0.6553733171399806,0.566828096613782,0.10833333333333335,0,4,"rice flour, palm oil, salt, spice",1
0.7517010884111455,0.22455843868991443,0.471119835480995,0.31428571428571433,1,4,"unpasteurized cream, egg powder, sulfite, artificial flavor",1
0.6498063631688792,0.8783860351707395,0.39570134797166695,0.23333333333333336,2,3,"fish extract, sesame oil, nitrate preservative",1
0.22780987228202554,0.4455779035711625,0.580193445040027,0.1125,3,4,"corn flour, peanut oil, whey milk powder, salt",2
0.42417447124650515,0.770171594676258,0.7206593180991595,0.23333333333333336,2,3,"fish extract, sesame oil, nitrate preservative",2
0.6387187621958634,0.661078981488463,0.43055618405506496,0.09285714285714287,2,4,"almond paste, sugar, cocoa butter, milk solids",1
0.486173330445152,0.8026966688364627,0.8347430700904843,0.1285714285714286,2,5,"wheat flour, sugar, salt, soy lecithin, flavor",2
0.4283206729142842,0.8053947321500328,0.6196595845701108,0.1125,3,4,"corn flour, peanut oil, whey milk powder, salt",2
0.48594622470987375,0.6351327625273531,0.26123882687437433,0.09285714285714287,2,4,"almond paste, sugar, cocoa butter, milk solids",1
0.8935881979034314,0.6917048108219632,0.1959552590833532,0.08333333333333333,3,4,"wheat gluten, soybean oil, stabilizer, emulsifier",0
0.9851427139303883,0.3762776819115432,0.48698005395975225,0.4142857142857143,1,4,"raw milk, sugar syrup, preservative benzoate, color",2
1.0,0.40342612335428235,0.2822537271370192,0.09285714285714287,2,4,"almond paste, sugar, cocoa butter, milk solids",1
0.38474184691112356,0.5106464022364928,0.4855577601308932,0.31428571428571433,1,4,"unpasteurized cream, egg powder, sulfite, artificial flavor",2
0.6822716845518353,0.4695138244196667,0.7673008841980276,0.23333333333333336,2,3,"fish extract, sesame oil, nitrate preservative",2
0.7244307778061247,0.5699344415093673,0.21447014638172468,0.4142857142857143,1,4,"raw milk, sugar syrup, preservative benzoate, color",1
0.5037719567519161,0.5467844330946304,0.8911635368976033,0.09285714285714287,2,4,"almond paste, sugar, cocoa butter, milk solids",2
0.5714101110357142,0.30834401106682796,0.7942208814385309,0.23333333333333336,2,3,"fish extract, sesame oil, nitrate preservative",2
0.7282374213287465,0.7551373368466932,0.0,0.09285714285714287,2,4,"almond paste, sugar, cocoa butter, milk solids",0
0.5801182779646115,0.6969021822617235,0.3865357513826823,0.1285714285714286,2,5,"wheat flour, sugar, salt, soy lecithin, flavor",1
0.5157019728034513,0.6584109301097395,0.2554665559055901,0.08333333333333333,3,4,"wheat gluten, soybean oil, stabilizer, emulsifier",0
0.7359484483626715,0.6005039820634428,0.7029402613119655,0.4142857142857143,1,4,"raw milk, sugar syrup, preservative benzoate, color",2
0.8449293997573639,0.245408247201106,0.7753213560197374,0.09285714285714287,2,4,"almond paste, sugar, cocoa butter, milk solids",2
0.7548161125678935,0.41243849659791043,0.3203647559204209,0.08333333333333333,3,4,"wheat gluten, soybean oil, stabilizer, emulsifier",1
0.4268950802243526,0.6789468583018092,0.6428568051293145,0.08333333333333333,3,4,"wheat gluten, soybean oil, stabilizer, emulsifier",2
0.7217019483540134,0.6408606611479613,0.8321749760069628,0.1285714285714286,2,5,"wheat flour, sugar, salt, soy lecithin, flavor",2
0.685873966367438,0.7459858219394376,0.21683422555508947,0.4142857142857143,1,4,"raw milk, sugar syrup, preservative benzoate, color",1
0.5929831017190447,0.5012500106129436,0.5976550586696796,0.1125,3,4,"corn flour, peanut oil, whey milk powder, salt",2
0.5681501013801592,0.40285398403097505,0.7413809363143715,0.23333333333333336,2,3,"fish extract, sesame oil, nitrate preservative",2
0.4166495054881065,0.5112624916700753,0.1164740709043805,0.08333333333333333,3,4,"wheat gluten, soybean oil, stabilizer, emulsifier",1
0.4965959489360392,0.8669200379607059,0.24564609370073526,0.09285714285714287,2,4,"almond paste, sugar, cocoa butter, milk solids",1
0.9936074689677372,0.7654535807433376,0.49306146793849126,0.4142857142857143,1,4,"raw milk, sugar syrup, preservative benzoate, color",1
0.525920694907646,0.41259985321721837,0.3416996800292109,0.10833333333333335,0,4,"rice flour, palm oil, salt, spice",1
0.5815955232805763,0.6470423895290593,0.2276848317182656,0.1285714285714286,2,5,"wheat flour, sugar, salt, soy lecithin, flavor",0
0.5648126651838116,0.9172847414826846,0.5510942503992486,0.31428571428571433,1,4,"unpasteurized cream, egg powder, sulfite, artificial flavor",1
0.6752726450856177,0.6591327445487958,0.4724718337861576,0.31428571428571433,1,4,"unpasteurized cream, egg powder, sulfite, artificial flavor",1
0.4074208955553737,0.6821544412831868,0.5440111163940657,0.10833333333333335,0,4,"rice flour, palm oil, salt, spice",1
0.9072344263501193,0.6623277744282071,0.3770938700504227,0.1125,3,4,"corn flour, peanut oil, whey milk powder, salt",1
0.6294404420511482,0.291383278396842,0.27267812998591445,0.23333333333333336,2,3,"fish extract, sesame oil, nitrate preservative",2
0.6662556075445569,0.20952187546179396,0.6094032209601461,0.1125,3,4,"corn flour, peanut oil, whey milk powder, salt",2
0.5366464028115885,0.32527554609000287,0.5166770027510355,0.08333333333333333,3,4,"wheat gluten, soybean oil, stabilizer, emulsifier",2
0.8284101254579626,0.55010604150662,0.4666311429194768,0.09285714285714287,2,4,"almond paste, sugar, cocoa butter, milk solids",1
0.36795234204086746,0.6316703158883274,0.25807244423806197,0.10833333333333335,0,4,"rice flour, palm oil, salt, spice",0
0.7506160856197597,0.655012821996788,0.2241575006603595,0.1285714285714286,2,5,"wheat flour, sugar, salt, soy lecithin, flavor",0
0.9197374736473044,0.7312020855141217,0.40741413387883973,0.23333333333333336,2,3,"fish extract, sesame oil, nitrate preservative",1
0.3558864865324507,0.41547076976210146,0.523069918507215,0.08333333333333333,3,4,"wheat gluten, soybean oil, stabilizer, emulsifier",2
0.6446424319285606,0.5656672919906253,0.4640129715550902,0.31428571428571433,1,4,"unpasteurized cream, egg powder, sulfite, artificial flavor",2
0.5232723229179989,0.5963875017257176,0.5903794296238803,0.08333333333333333,3,4,"wheat gluten, soybean oil, stabilizer, emulsifier",2
0.42019298679422623,0.6297763611896134,0.8237681261475931,0.23333333333333336,2,3,"fish extract, sesame oil, nitrate preservative",2
0.525899685754141,0.5948680910885552,0.24989928704704573,0.10833333333333335,0,4,"rice flour, palm oil, salt, spice",1
0.47949770162210126,0.516640906781425,0.38405202894600454,0.08333333333333333,3,4,"wheat gluten, soybean oil, stabilizer, emulsifier",2
0.5635967838995294,0.5810731492231186,0.6262198204632842,0.4142857142857143,1,4,"raw milk, sugar syrup, preservative benzoate, color",2
0.6493984024909577,0.23918423579587578,0.5555932275310742,0.31428571428571433,1,4,"unpasteurized cream, egg powder, sulfite, artificial flavor",2
0.6233939325808794,0.5571259426981133,0.557017372049018,0.23333333333333336,2,3,"fish extract, sesame oil, nitrate preservative",2
0.5384125796099244,0.6833237257925673,0.6058036909001404,0.10833333333333335,0,4,"rice flour, palm oil, salt, spice",1
1.0,0.6728271048233412,0.7488063151761055,0.31428571428571433,1,4,"unpasteurized cream, egg powder, sulfite, artificial flavor",2
0.5434228627379458,0.6923920342686809,0.5895021280624186,0.09285714285714287,2,4,"almond paste, sugar, cocoa butter, milk solids",2
0.561418010376517,0.475239476237405,0.4604314062554789,0.09285714285714287,2,4,"almond paste, sugar, cocoa butter, milk solids",2
0.418876503059179,0.7024685118862899,0.35684132923362943,0.10833333333333335,0,4,"rice flour, palm oil, salt, spice",1
0.5654461663567522,0.8631577098477969,0.408023581624148,0.09285714285714287,2,4,"almond paste, sugar, cocoa butter, milk solids",1
0.4426874069778812,0.535428588914611,0.4413513253829098,0.4142857142857143,1,4,"raw milk, sugar syrup, preservative benzoate, color",2
0.5208498597330169,0.772402919627359,0.3683188383527267,0.08333333333333333,3,4,"wheat gluten, soybean oil, stabilizer, emulsifier",1
0.34854357916046835,0.6538338876852883,0.18902709385330724,0.10833333333333335,0,4,"rice flour, palm oil, salt, spice",0
0.5087055042364473,0.5516734506512905,0.21525841108220545,0.1125,3,4,"corn flour, peanut oil, whey milk powder, salt",1
0.45474622295592826,0.42856658277119786,0.6000166251848477,0.1285714285714286,2,5,"wheat flour, sugar, salt, soy lecithin, flavor",2
0.16184772628646882,0.9530812727565547,0.6162817663806329,0.1125,3,4,"corn flour, peanut oil, whey milk powder, salt",2
0.2660363684605959,0.6849444122500481,0.37565863378920505,0.10833333333333335,0,4,"rice flour, palm oil, salt, spice",1
0.5606158073527088,0.5976078758232756,0.3295007960899662,0.4142857142857143,1,4,"raw milk, sugar syrup, preservative benzoate, color",2
1.0,0.9975897269974026,0.8591939088026324,0.1285714285714286,2,5,"wheat flour, sugar, salt, soy lecithin, flavor",2
0.5847812955179446,0.7833093411494417,0.4788411703792519,0.23333333333333336,2,3,"fish extract, sesame oil, nitrate preservative",1
0.8031884033260509,0.543732178468913,0.23045946338714696,0.08333333333333333,3,4,"wheat gluten, soybean oil, stabilizer, emulsifier",0
0.27219379472024824,0.7390161705235955,0.14727202728988037,0.08333333333333333,3,4,"wheat gluten, soybean oil, stabilizer, emulsifier",1
0.3431933799000942,0.5976710186557144,0.42656413523135306,0.10833333333333335,0,4,"rice flour, palm oil, salt, spice",1
0.37183105162883273,0.3985370709052356,0.0,0.09285714285714287,2,4,"almond paste, sugar, cocoa butter, milk solids",0
0.9750476839379405,0.5685452410447907,0.31875767150056744,0.08333333333333333,3,4,"wheat gluten, soybean oil, stabilizer, emulsifier",0
0.7572433564475455,0.44712219603559084,0.5522794507491716,0.09285714285714287,2,4,"almond paste, sugar, cocoa butter, milk solids",1
0.5052853057214631,0.6086641743371017,0.28508460999476287,0.23333333333333336,2,3,"fish extract, sesame oil, nitrate preservative",2
0.5151157872631472,0.5754734609296461,0.8044717645570829,0.08333333333333333,3,4,"wheat gluten, soybean oil, stabilizer, emulsifier",2
0.27743408594091085,0.4559273972718811,0.506091496636736,0.31428571428571433,1,4,"unpasteurized cream, egg powder, sulfite, artificial flavor",2
0.24720862501321972,0.5307580276214446,0.8204715472015778,0.1125,3,4,"corn flour, peanut oil, whey milk powder, salt",2
0.6597130173099971,0.5869017107445561,0.844469504599971,0.08333333333333333,3,4,"wheat gluten, soybean oil, stabilizer, emulsifier",2
0.8389991211925594,0.47799832853801777,0.3370844095249348,0.23333333333333336,2,3,"fish extract, sesame oil, nitrate preservative",1
0.6870321053178171,0.4728243774489509,0.35220644200495543,0.23333333333333336,2,3,"fish extract, sesame oil, nitrate preservative",2
0.39413115996462805,0.7041004427711589,0.39476577453190065,0.31428571428571433,1,4,"unpasteurized cream, egg powder, sulfite, artificial flavor",2
0.6264358927915687,0.6763819333115849,0.5395037222300393,0.1285714285714286,2,5,"wheat flour, sugar, salt, soy lecithin, flavor",2
0.6197904405865728,0.2173205175313513,0.721934578633269,0.23333333333333336,2,3,"fish extract, sesame oil, nitrate preservative",2
0.7242443658363942,0.3953407037977317,0.2987450108614347,0.09285714285714287,2,4,"almond paste, sugar, cocoa butter, milk solids",1
0.5454151747061075,0.7372858558932994,0.46079579257013487,0.1125,3,4,"corn flour, peanut oil, whey milk powder, salt",2
0.6518354988685467,0.47519776025194516,0.5511340750935336,0.09285714285714287,2,4,"almond paste, sugar, cocoa butter, milk solids",2
0.5902412174406024,0.6562348887367712,0.5101992167749353,0.1285714285714286,2,5,"wheat flour, sugar, salt, soy lecithin, flavor",1
0.8163114055871192,0.5658807630391437,0.5471798993459275,0.31428571428571433,1,4,"unpasteurized cream, egg powder, sulfite, artificial flavor",1
0.5688651216723084,0.611879557509723,0.6871349897052081,0.1285714285714286,2,5,"wheat flour, sugar, salt, soy lecithin, flavor",2
0.7758568915221536,0.5322452641244895,0.2828619017509416,0.4142857142857143,1,4,"raw milk, sugar syrup, preservative benzoate, color",2
0.8633902194128316,0.6027493964681321,0.6559345924191516,0.10833333333333335,0,4,"rice flour, palm oil, salt, spice",1
0.7310523345777105,0.2844623445122863,0.942157704773648,0.09285714285714287,2,4,"almond paste, sugar, cocoa butter, milk solids",2
0.5082856430509024,0.3440749855285181,0.6110589546888985,0.08333333333333333,3,4,"wheat gluten, soybean oil, stabilizer, emulsifier",2
0.7338132314300874,0.436711622400641,0.2544562416094458,0.31428571428571433,1,4,"unpasteurized cream, egg powder, sulfite, artificial flavor",1
0.5039901860501448,0.5792191571464796,0.2044681838683018,0.10833333333333335,0,4,"rice flour, palm oil, salt, spice",0
0.7090678513764234,0.39232840582534634,0.24298183875002866,0.1285714285714286,2,5,"wheat flour, sugar, salt, soy lecithin, flavor",1
0.7009859034634935,0.6310350280385102,0.38732483424051184,0.1285714285714286,2,5,"wheat flour, sugar, salt, soy lecithin, flavor",1
0.6369260437156249,0.223370412836276,0.5447040743821413,0.23333333333333336,2,3,"fish extract, sesame oil, nitrate preservative",2
0.3682696536391928,0.5559449323658044,0.45020620473293044,0.23333333333333336,2,3,"fish extract, sesame oil, nitrate preservative",2
0.8051949574913264,0.5669566572801622,0.7809971025866503,0.4142857142857143,1,4,"raw milk, sugar syrup, preservative benzoate, color",2
0.5369753806845661,0.41616340339227886,0.10024085359356638,0.1285714285714286,2,5,"wheat flour, sugar, salt, soy lecithin, flavor",1
0.682482385911455,0.687349470832336,0.4091331084968199,0.31428571428571433,1,4,"unpasteurized cream, egg powder, sulfite, artificial flavor",1
0.7772354678999871,0.9517387280579641,0.8273485458753003,0.10833333333333335,0,4,"rice flour, palm oil, salt, spice",1
0.6377494045681182,0.3992985361143492,0.18140314531341545,0.1125,3,4,"corn flour, peanut oil, whey milk powder, salt",1
0.6089640062139487,0.4916015477146646,0.1767228249616694,0.4142857142857143,1,4,"raw milk, sugar syrup, preservative benzoate, color",1
0.3888872060488655,0.47596419787598593,0.42939033984240427,0.23333333333333336,2,3,"fish extract, sesame oil, nitrate preservative",2
0.7668006296596691,0.16941968758133763,0.06312422204358631,0.1285714285714286,2,5,"wheat flour, sugar, salt, soy lecithin, flavor",0
0.6727587244834152,0.4422052983441812,0.298056762879687,0.23333333333333336,2,3,"fish extract, sesame oil, nitrate preservative",1
0.5205159356373606,0.8602142809311389,0.4286700050164578,0.1125,3,4,"corn flour, peanut oil, whey milk powder, salt",1
0.5649431591884764,0.6612313730398182,0.6421880753449977,0.23333333333333336,2,3,"fish extract, sesame oil, nitrate preservative",2
0.6521077077740254,0.588768158882102,0.5220735437641656,0.31428571428571433,1,4,"unpasteurized cream, egg powder, sulfite, artificial flavor",2
0.9651562507364265,0.7921363817927115,0.5668619648894201,0.23333333333333336,2,3,"fish extract, sesame oil, nitrate preservative",1
0.44354833642848257,0.4978975691600563,0.7085269657204921,0.4142857142857143,1,4,"raw milk, sugar syrup, preservative benzoate, color",2
0.5129541043038317,0.9862751587757073,0.521177474949174,0.31428571428571433,1,4,"unpasteurized cream, egg powder, sulfite, artificial flavor",2
0.6372343171096426,0.599236056465087,0.43279200471482254,0.31428571428571433,1,4,"unpasteurized cream, egg powder, sulfite, artificial flavor",2
0.4136995985746439,0.47950988955591267,0.7013172753623285,0.08333333333333333,3,4,"wheat gluten, soybean oil, stabilizer, emulsifier",2
0.5111906156640221,0.7519084307738804,0.7427597050367524,0.1125,3,4,"corn flour, peanut oil, whey milk powder, salt",2
0.3824745367372381,0.3709038179042602,0.5273163510693436,0.1125,3,4,"corn flour, peanut oil, whey milk powder, salt",2
0.42596230348848574,0.406805215054885,0.2656902386097769,0.1285714285714286,2,5,"wheat flour, sugar, salt, soy lecithin, flavor",2
0.4179160986791647,0.17741169043353583,0.5921845328487557,0.10833333333333335,0,4,"rice flour, palm oil, salt, spice",1
0.6057112557363973,0.8779048031494847,0.8681554758795984,0.09285714285714287,2,4,"almond paste, sugar, cocoa butter, milk solids",1
0.42198516665151814,0.3113727928579484,0.47503661003418374,0.1285714285714286,2,5,"wheat flour, sugar, salt, soy lecithin, flavor",2
0.7079385973596645,0.4069718143034239,0.6551074794302005,0.23333333333333336,2,3,"fish extract, sesame oil, nitrate preservative",2
0.45169952195377483,0.5656641383477863,0.4553778479948001,0.31428571428571433,1,4,"unpasteurized cream, egg powder, sulfite, artificial flavor",2
0.5685504845808951,0.5544814481978174,0.6188288127308093,0.31428571428571433,1,4,"unpasteurized cream, egg powder, sulfite, artificial flavor",2
0.6723146903648608,0.7152247087305528,0.37767430404102154,0.4142857142857143,1,4,"raw milk, sugar syrup, preservative benzoate, color",1
0.8091431813483855,0.32944786454652875,0.8970344831763076,0.1125,3,4,"corn flour, peanut oil, whey milk powder, salt",2
0.4289658005623178,0.9875853993738755,0.3892629936536266,0.1125,3,4,"corn flour, peanut oil, whey milk powder, salt",1
0.5332652268108146,0.5691205615787901,0.42774280864100755,0.08333333333333333,3,4,"wheat gluten, soybean oil, stabilizer, emulsifier",2
0.6102887704803289,0.553561324297329,0.7284851354307266,0.09285714285714287,2,4,"almond paste, sugar, cocoa butter, milk solids",2
0.5662125489494765,0.7132458163347911,0.25765486830214257,0.23333333333333336,2,3,"fish extract, sesame oil, nitrate preservative",1
0.3867544557365901,0.5128822643591899,0.8081039383835114,0.1125,3,4,"corn flour, peanut oil, whey milk powder, salt",2
0.8693678665821083,0.40025345723683925,0.7305272430005578,0.1285714285714286,2,5,"wheat flour, sugar, salt, soy lecithin, flavor",2
0.6390029091586946,0.6822983467848346,0.5551629363804921,0.31428571428571433,1,4,"unpasteurized cream, egg powder, sulfite, artificial flavor",2
0.7584552513766615,0.896331318865079,0.37156324710365396,0.4142857142857143,1,4,"raw milk, sugar syrup, preservative benzoate, color",0
0.5403875290706132,0.5237794288089408,0.6223591062608227,0.10833333333333335,0,4,"rice flour, palm oil, salt, spice",1
0.5516066451581392,0.5299760966126827,0.8233458663567035,0.31428571428571433,1,4,"unpasteurized cream, egg powder, sulfite, artificial flavor",2
0.38474187339459925,0.5778459843319202,0.2515258398479846,0.10833333333333335,0,4,"rice flour, palm oil, salt, spice",0
0.7143964783681219,0.686899680573729,0.41900996254335227,0.4142857142857143,1,4,"raw milk, sugar syrup, preservative benzoate, color",2
0.7084354894744354,0.67094998078796,0.0,0.31428571428571433,1,4,"unpasteurized cream, egg powder, sulfite, artificial flavor",0
0.6932227538720639,0.46790868179219713,0.5079645806371619,0.31428571428571433,1,4,"unpasteurized cream, egg powder, sulfite, artificial flavor",2
0.3663958294028651,0.8515838834469733,0.7479369755018467,0.1125,3,4,"corn flour, peanut oil, whey milk powder, salt",2
0.5643516892695398,0.0,0.4281695166840843,0.4142857142857143,1,4,"raw milk, sugar syrup, preservative benzoate, color",2
0.6275167280016003,0.6891711512053555,0.8072675038286021,0.09285714285714287,2,4,"almond paste, sugar, cocoa butter, milk solids",2
1.0,0.5964902890439808,0.21175239338234075,0.09285714285714287,2,4,"almond paste, sugar, cocoa butter, milk solids",0
0.7065828872076081,0.36055001995413993,0.43444530578193286,0.1125,3,4,"corn flour, peanut oil, whey milk powder, salt",2
0.5193382546220021,0.7122830763359438,0.6410907054623782,0.10833333333333335,0,4,"rice flour, palm oil, salt, spice",2
0.8164549621766223,0.27720058280459087,0.19455545378223144,0.08333333333333333,3,4,"wheat gluten, soybean oil, stabilizer, emulsifier",0
0.6016581046737761,0.7904756233155512,0.36752874225928134,0.31428571428571433,1,4,"unpasteurized cream, egg powder, sulfite, artificial flavor",1
0.7031090622097779,0.4544749393290853,0.3826482692583697,0.08333333333333333,3,4,"wheat gluten, soybean oil, stabilizer, emulsifier",1
0.4970901999881182,0.7854923505870666,0.5200037218652649,0.10833333333333335,0,4,"rice flour, palm oil, salt, spice",0
0.4946615696291663,0.8339911158964932,0.8087935351380222,0.23333333333333336,2,3,"fish extract, sesame oil, nitrate preservative",2
0.3302610850730962,1.0,0.5852007323782001,0.31428571428571433,1,4,"unpasteurized cream, egg powder, sulfite, artificial flavor",2
0.7264145016638425,0.8121876699772881,0.35428348649042285,0.1125,3,4,"corn flour, peanut oil, whey milk powder, salt",1
0.3865433585559114,0.6832668791482469,0.49495201868201877,0.08333333333333333,3,4,"wheat gluten, soybean oil, stabilizer, emulsifier",2
0.554822012294095,0.3763537651970572,0.6738946472305314,0.10833333333333335,0,4,"rice flour, palm oil, salt, spice",2
0.49979969539618463,0.6607081009942191,0.5950803974252533,0.09285714285714287,2,4,"almond paste, sugar, cocoa butter, milk solids",2
0.36571247680009333,0.3938036097696859,0.029418960814175055,0.31428571428571433,1,4,"unpasteurized cream, egg powder, sulfite, artificial flavor",2
0.6661865812523484,0.5440077903201757,0.01814811976107772,0.10833333333333335,0,4,"rice flour, palm oil, salt, spice",0
0.9546881937871159,0.4102711608253837,0.6900355631707363,0.08333333333333333,3,4,"wheat gluten, soybean oil, stabilizer, emulsifier",2
0.6099430666719959,0.7929367697785864,0.4238906413633603,0.31428571428571433,1,4,"unpasteurized cream, egg powder, sulfite, artificial flavor",1
0.6082004078004472,0.7682410181172327,0.3492452434553689,0.31428571428571433,1,4,"unpasteurized cream, egg powder, sulfite, artificial flavor",2
0.6492529094162299,0.6369575252429318,0.5289584485144184,0.09285714285714287,2,4,"almond paste, sugar, cocoa butter, milk solids",1
0.5203337571619141,0.7419092125289571,0.4553274232448943,0.10833333333333335,0,4,"rice flour, palm oil, salt, spice",0
0.29770372770192893,0.20465636953591515,0.6359535666618671,0.23333333333333336,2,3,"fish extract, sesame oil, nitrate preservative",2
0.6245834131484543,0.5370582810180446,0.5964491447441213,0.1285714285714286,2,5,"wheat flour, sugar, salt, soy lecithin, flavor",2
0.11224864629942899,0.485274951830302,0.5935226894939548,0.1285714285714286,2,5,"wheat flour, sugar, salt, soy lecithin, flavor",2
0.3546329075546538,0.48005494013744543,0.15545474098424045,0.10833333333333335,0,4,"rice flour, palm oil, salt, spice",1
0.7823141174667392,0.620117577372635,0.5365408694772462,0.31428571428571433,1,4,"unpasteurized cream, egg powder, sulfite, artificial flavor",2
0.8084480453981018,0.641335971956452,0.4231697741068842,0.09285714285714287,2,4,"almond paste, sugar, cocoa butter, milk solids",1
0.7468875429459205,0.5118725060816081,0.4227252378564669,0.1285714285714286,2,5,"wheat flour, sugar, salt, soy lecithin, flavor",1
0.465108759435342,0.49732466491040517,0.5772052768200335,0.4142857142857143,1,4,"raw milk, sugar syrup, preservative benzoate, color",2
0.505974055336567,0.9267041260688089,0.5928609584199377,0.09285714285714287,2,4,"almond paste, sugar, cocoa butter, milk solids",2
0.5191689074559738,0.5323136247115444,0.22426910961524166,0.09285714285714287,2,4,"almond paste, sugar, cocoa butter, milk solids",1
0.3319930456916347,0.6995698708386344,0.5923992850153983,0.23333333333333336,2,3,"fish extract, sesame oil, nitrate preservative",2
0.7370639547340183,0.32284078262202043,0.5449169308395552,0.1285714285714286,2,5,"wheat flour, sugar, salt, soy lecithin, flavor",2
0.2791906660666965,0.6869876011404039,0.13170625808245529,0.08333333333333333,3,4,"wheat gluten, soybean oil, stabilizer, emulsifier",1
0.8576243842722027,0.31857578916953055,0.13695822376761585,0.23333333333333336,2,3,"fish extract, sesame oil, nitrate preservative",1
0.5255334635962519,0.24907895426721338,0.6156793438140669,0.10833333333333335,0,4,"rice flour, palm oil, salt, spice",1
0.49646071132425873,0.7104444784310281,0.7850030407428934,0.31428571428571433,1,4,"unpasteurized cream, egg powder, sulfite, artificial flavor",2
0.5724107177167981,0.06453835104096878,0.5859876646680828,0.1125,3,4,"corn flour, peanut oil, whey milk powder, salt",2
0.6833308217538695,0.3120994471323095,0.38443245920174873,0.08333333333333333,3,4,"wheat gluten, soybean oil, stabilizer, emulsifier",2
0.3449886837604559,0.3204317543699229,0.7073613412563625,0.09285714285714287,2,4,"almond paste, sugar, cocoa butter, milk solids",2
0.8750348121701428,0.642211195629028,0.4160037438370208,0.4142857142857143,1,4,"raw milk, sugar syrup, preservative benzoate, color",1
0.9685331814947888,0.5451096362506785,0.8074121737432887,0.10833333333333335,0,4,"rice flour, palm oil, salt, spice",1
0.5076705993018393,0.8392629795867841,0.8217538131763951,0.23333333333333336,2,3,"fish extract, sesame oil, nitrate preservative",2
0.6989604469767946,0.5257570390552762,0.2726689041535287,0.1285714285714286,2,5,"wheat flour, sugar, salt, soy lecithin, flavor",1
0.516038036163702,0.39030525344600653,0.3900459218856803,0.1125,3,4,"corn flour, peanut oil, whey milk powder, salt",2
0.4171980008570124,0.8646358057746596,0.6085223113467075,0.09285714285714287,2,4,"almond paste, sugar, cocoa butter, milk solids",2
0.5012178067865204,0.9016831228986057,0.3728268572277233,0.1285714285714286,2,5,"wheat flour, sugar, salt, soy lecithin, flavor",1
0.7296085338895166,0.3024548383405443,0.656484830654603,0.31428571428571433,1,4,"unpasteurized cream, egg powder, sulfite, artificial flavor",2
0.7602080105418254,0.8099956705755142,0.47570718188814975,0.10833333333333335,0,4,"rice flour, palm oil, salt, spice",0
0.9797973745350051,0.24466087689560667,0.18616712264776225,0.4142857142857143,1,4,"raw milk, sugar syrup, preservative benzoate, color",1
0.6341191522645497,0.7498607399404412,0.06092339995616913,0.31428571428571433,1,4,"unpasteurized cream, egg powder, sulfite, artificial flavor",0
0.2626893947142133,0.706082191645732,0.1596091081504168,0.09285714285714287,2,4,"almond paste, sugar, cocoa butter, milk solids",0
0.7911283833631912,0.5182063783541567,0.6254379509038721,0.4142857142857143,1,4,"raw milk, sugar syrup, preservative benzoate, color",2
0.561223165300355,0.33105890342275024,0.6242761095146213,0.09285714285714287,2,4,"almond paste, sugar, cocoa butter, milk solids",2
0.6561719563342016,0.31630001730413476,0.6518748355012196,0.1285714285714286,2,5,"wheat flour, sugar, salt, soy lecithin, flavor",2
0.5131072600217983,0.4910728325612576,0.3481434207541165,0.1125,3,4,"corn flour, peanut oil, whey milk powder, salt",2
0.4211725317348447,0.4842454230656611,0.85502518661258,0.23333333333333336,2,3,"fish extract, sesame oil, nitrate preservative",2
0.3046486554154994,0.8202694177504972,0.7968724477364104,0.4142857142857143,1,4,"raw milk, sugar syrup, preservative benzoate, color",2
0.5870001079774964,0.7744848818599644,0.8500776333560445,0.31428571428571433,1,4,"unpasteurized cream, egg powder, sulfite, artificial flavor",2
0.9153562388393337,0.10441352083665978,0.41902886495755676,0.10833333333333335,0,4,"rice flour, palm oil, salt, spice",0
0.8336944438691604,0.7408447310866791,0.2028789892759032,0.1285714285714286,2,5,"wheat flour, sugar, salt, soy lecithin, flavor",0
0.6916275543468285,0.2157531229440819,0.04525695766362886,0.10833333333333335,0,4,"rice flour, palm oil, salt, spice",0
0.3686672233581224,0.5083656142582463,0.5800890378449046,0.10833333333333335,0,4,"rice flour, palm oil, salt, spice",2
0.32064249243730447,0.9271113807128221,0.7209279531773363,0.4142857142857143,1,4,"raw milk, sugar syrup, preservative benzoate, color",2
0.6647077310483717,0.3240757208519337,0.5709888160381331,0.10833333333333335,0,4,"rice flour, palm oil, salt, spice",1
0.5873038409678701,0.31628570002862827,0.2540215238881228,0.1285714285714286,2,5,"wheat flour, sugar, salt, soy lecithin, flavor",2
0.6373331673722101,0.14772402778373545,0.36865961312536943,0.31428571428571433,1,4,"unpasteurized cream, egg powder, sulfite, artificial flavor",2
0.6349445278705509,0.11919403572925891,0.5455703416645579,0.09285714285714287,2,4,"almond paste, sugar, cocoa butter, milk solids",2
0.4820583985910983,0.10158625597286586,0.2807104346028658,0.10833333333333335,0,4,"rice flour, palm oil, salt, spice",1
0.7326075980003953,0.006652682320936409,0.4013615787840231,0.4142857142857143,1,4,"raw milk, sugar syrup, preservative benzoate, color",2
0.7613370269117563,0.2216403332897825,0.147562307094609,0.08333333333333333,3,4,"wheat gluten, soybean oil, stabilizer, emulsifier",1
0.6182187658363055,0.5706548724418289,0.25400637781646074,0.23333333333333336,2,3,"fish extract, sesame oil, nitrate preservative",1
0.813636680803017,1.0,0.6064670318063725,0.09285714285714287,2,4,"almond paste, sugar, cocoa butter, milk solids",0
0.1439415005109615,0.21310717709153182,0.84206960282597,0.23333333333333336,2,3,"fish extract, sesame oil, nitrate preservative",2
0.7179586754242521,0.8464579598723585,0.45609087734395565,0.31428571428571433,1,4,"unpasteurized cream, egg powder, sulfite, artificial flavor",1
0.6128917851319231,0.4244724366721566,0.3737597752755499,0.1285714285714286,2,5,"wheat flour, sugar, salt, soy lecithin, flavor",1
0.983688955180545,0.637769763327086,0.7532520205806421,0.09285714285714287,2,4,"almond paste, sugar, cocoa butter, milk solids",1
0.6945283122054488,0.4054037306797882,0.5869997179252427,0.08333333333333333,3,4,"wheat gluten, soybean oil, stabilizer, emulsifier",2
0.6064605445399548,1.0,0.8141555492038596,0.1125,3,4,"corn flour, peanut oil, whey milk powder, salt",2
0.7375715146266024,0.9026721635460089,0.18386675455677248,0.1285714285714286,2,5,"wheat flour, sugar, salt, soy lecithin, flavor",0
0.4984189585679887,0.6622784888123336,0.7713084364123592,0.1285714285714286,2,5,"wheat flour, sugar, salt, soy lecithin, flavor",2
0.5077419220180084,0.5695064145002622,0.45899947896694293,0.10833333333333335,0,4,"rice flour, palm oil, salt, spice",1
0.6754777275346583,0.40296071236753683,0.214768167259421,0.31428571428571433,1,4,"unpasteurized cream, egg powder, sulfite, artificial flavor",1
0.43075502051481773,0.6435099583950847,0.5994447598725299,0.08333333333333333,3,4,"wheat gluten, soybean oil, stabilizer, emulsifier",2
0.467619482536819,0.5261137864203652,0.6406157864957598,0.10833333333333335,0,4,"rice flour, palm oil, salt, spice",2
0.8299637738777759,0.6356992957986478,0.7312007941733593,0.09285714285714287,2,4,"almond paste, sugar, cocoa butter, milk solids",1
0.7628512470281519,0.8525773349507073,0.13294408170972066,0.31428571428571433,1,4,"unpasteurized cream, egg powder, sulfite, artificial flavor",0
0.7481653744861143,0.019727104023720687,0.6082413582334371,0.10833333333333335,0,4,"rice flour, palm oil, salt, spice",2
0.5225657999798559,0.33517253055201923,0.38525963365909127,0.1285714285714286,2,5,"wheat flour, sugar, salt, soy lecithin, flavor",1
0.47708857059620613,0.40246436444310063,0.4403789473245534,0.1125,3,4,"corn flour, peanut oil, whey milk powder, salt",2
0.5290466742389381,0.6188300432383718,0.3730857473752137,0.09285714285714287,2,4,"almond paste, sugar, cocoa butter, milk solids",1
0.29321330320812794,0.23572675043778135,0.23446037847634005,0.1285714285714286,2,5,"wheat flour, sugar, salt, soy lecithin, flavor",2
0.2784003851588068,0.44018463973023664,0.19928404394292337,0.09285714285714287,2,4,"almond paste, sugar, cocoa butter, milk solids",1
0.793638508867287,0.460623519678405,0.4895462661160667,0.31428571428571433,1,4,"unpasteurized cream, egg powder, sulfite, artificial flavor",2
0.4631834659529756,0.5817830571671451,0.317939217491496,0.09285714285714287,2,4,"almond paste, sugar, cocoa butter, milk solids",1
0.6927612277330967,0.2765680599003095,0.5385328718248702,0.4142857142857143,1,4,"raw milk, sugar syrup, preservative benzoate, color",2
0.749642469183444,0.6454899208249211,0.4332974622564545,0.10833333333333335,0,4,"rice flour, palm oil, salt, spice",1
0.4428487002641547,0.28589560132610015,0.0,0.23333333333333336,2,3,"fish extract, sesame oil, nitrate preservative",1
0.6715958056935631,0.15575452119112648,0.35762071880211,0.1285714285714286,2,5,"wheat flour, sugar, salt, soy lecithin, flavor",2
0.4146294936571835,0.6318513497225724,0.37745502908503104,0.1125,3,4,"corn flour, peanut oil, whey milk powder, salt",2
0.7715034641607563,0.5684984822641215,0.3209177351266761,0.1125,3,4,"corn flour, peanut oil, whey milk powder, salt",1
0.7146519653556525,0.3457492833034787,0.46082534873915476,0.09285714285714287,2,4,"almond paste, sugar, cocoa butter, milk solids",1
0.41832914473511207,0.1796111295575777,0.6145633755111215,0.31428571428571433,1,4,"unpasteurized cream, egg powder, sulfite, artificial flavor",2
0.2774085076503318,0.6237852321852433,0.7383002412659389,0.1125,3,4,"corn flour, peanut oil, whey milk powder, salt",2
0.4301706534448636,0.5661956158699979,0.5545127129463138,0.23333333333333336,2,3,"fish extract, sesame oil, nitrate preservative",2
0.5675757665788381,0.3334696551754486,0.5929914240879474,0.10833333333333335,0,4,"rice flour, palm oil, salt, spice",2
0.6199788561128263,0.885849897549221,0.36263666739385286,0.1285714285714286,2,5,"wheat flour, sugar, salt, soy lecithin, flavor",1
0.4678755955400692,0.7717901145912857,0.7713408610177196,0.09285714285714287,2,4,"almond paste, sugar, cocoa butter, milk solids",2
0.684426459614296,0.37454551177188655,0.417685549234374,0.4142857142857143,1,4,"raw milk, sugar syrup, preservative benzoate, color",2
0.7661516463377969,0.33839191972414184,0.46936339131809063,0.10833333333333335,0,4,"rice flour, palm oil, salt, spice",1
1.0,0.5967327486810652,0.48640131800132913,0.10833333333333335,0,4,"rice flour, palm oil, salt, spice",0
0.5342615637290097,0.7514855221234646,0.13309887297174333,0.09285714285714287,2,4,"almond paste, sugar, cocoa butter, milk solids",0
0.8826355897061408,0.3953408573988014,0.30423924003189734,0.10833333333333335,0,4,"rice flour, palm oil, salt, spice",0
0.4878538989148117,0.49628441644892124,0.6928091054421747,0.1125,3,4,"corn flour, peanut oil, whey milk powder, salt",2
0.36580480159094136,0.5519911171440562,0.09004690733596543,0.10833333333333335,0,4,"rice flour, palm oil, salt, spice",0
0.3494226270760814,0.8779878013731197,0.976331370848448,0.1125,3,4,"corn flour, peanut oil, whey milk powder, salt",2
0.42712732824056654,0.4881368795890978,0.8967632521502773,0.09285714285714287,2,4,"almond paste, sugar, cocoa butter, milk solids",2
0.5485132567973195,0.36149414655446066,0.75216166308627,0.31428571428571433,1,4,"unpasteurized cream, egg powder, sulfite, artificial flavor",2
0.5917405030556174,0.4177845340298172,0.6899800117008568,0.08333333333333333,3,4,"wheat gluten, soybean oil, stabilizer, emulsifier",2
0.3458328876816873,0.968697330754161,0.1868830586422266,0.09285714285714287,2,4,"almond paste, sugar, cocoa butter, milk solids",1
0.5093338025195133,0.4681266140648328,0.49262718605473094,0.08333333333333333,3,4,"wheat gluten, soybean oil, stabilizer, emulsifier",2
0.43437221675312543,0.503212008464322,0.33045197895592915,0.09285714285714287,2,4,"almond paste, sugar, cocoa butter, milk solids",1
0.39300456611482093,0.4659690174498963,0.5951444792030514,0.31428571428571433,1,4,"unpasteurized cream, egg powder, sulfite, artificial flavor",2
0.9553820597989171,0.10790939725601661,0.6032550125671214,0.10833333333333335,0,4,"rice flour, palm oil, salt, spice",1
0.7289637367758736,0.5170016499729646,0.5379832826684863,0.1125,3,4,"corn flour, peanut oil, whey milk powder, salt",1
0.7104623962838017,0.17422478957545984,0.6709018165028497,0.09285714285714287,2,4,"almond paste, sugar, cocoa butter, milk solids",2
0.5581440240995893,0.5181607530823239,0.7854068273057103,0.10833333333333335,0,4,"rice flour, palm oil, salt, spice",2
0.8195767483470687,0.4369348428220488,0.6385520013427614,0.1285714285714286,2,5,"wheat flour, sugar, salt, soy lecithin, flavor",2
0.3730561265002773,0.5373438142166423,0.6776956725943156,0.1125,3,4,"corn flour, peanut oil, whey milk powder, salt",2
0.4702383838222069,0.6645303417980813,0.5091791949195277,0.23333333333333336,2,3,"fish extract, sesame oil, nitrate preservative",2
1.0,0.24240151128608411,0.05358398185778268,0.08333333333333333,3,4,"wheat gluten, soybean oil, stabilizer, emulsifier",0
0.3957973929157183,0.5422488671910243,0.48378008662997335,0.23333333333333336,2,3,"fish extract, sesame oil, nitrate preservative",2
0.6778781074643444,0.4865325770465661,0.742806271566048,0.4142857142857143,1,4,"raw milk, sugar syrup, preservative benzoate, color",2
0.4263634638840139,0.21245788963132295,0.46213592508135826,0.08333333333333333,3,4,"wheat gluten, soybean oil, stabilizer, emulsifier",2
0.6949423156464576,0.19446598776732166,0.8106825432332407,0.1125,3,4,"corn flour, peanut oil, whey milk powder, salt",2
0.5921083264155069,0.34304681188988284,0.6681619051954464,0.1285714285714286,2,5,"wheat flour, sugar, salt, soy lecithin, flavor",2
0.635968445397286,0.21344290891212397,0.14022803105918952,0.31428571428571433,1,4,"unpasteurized cream, egg powder, sulfite, artificial flavor",1
0.6629149081697485,0.5493483356387737,0.7307754384222656,0.1125,3,4,"corn flour, peanut oil, whey milk powder, salt",2
0.5795033005688494,0.36139096105181434,0.5847676875568422,0.1125,3,4,"corn flour, peanut oil, whey milk powder, salt",2
0.4867585450538282,0.5583998174288184,0.47150331509377374,0.08333333333333333,3,4,"wheat gluten, soybean oil, stabilizer, emulsifier",2
0.3651092629991452,0.5649530831789745,0.3234028377812888,0.08333333333333333,3,4,"wheat gluten, soybean oil, stabilizer, emulsifier",1
0.5566740280615308,0.6968053088344357,0.5408349716920159,0.1285714285714286,2,5,"wheat flour, sugar, salt, soy lecithin, flavor",1
0.7144463871939782,0.070652846110552,0.6754202976238857,0.10833333333333335,0,4,"rice flour, palm oil, salt, spice",1
0.3452265765018635,0.4471468337473549,0.9774273114447859,0.31428571428571433,1,4,"unpasteurized cream, egg powder, sulfite, artificial flavor",2
0.6641776280931809,0.17754460639750508,0.5344867958337538,0.10833333333333335,0,4,"rice flour, palm oil, salt, spice",1
0.4529995199479101,0.5809606179949319,0.39635579792172626,0.31428571428571433,1,4,"unpasteurized cream, egg powder, sulfite, artificial flavor",2
0.6135020560222767,0.37418055529719135,0.4098801176385474,0.4142857142857143,1,4,"raw milk, sugar syrup, preservative benzoate, color",2
0.39888458473018795,0.582846427862493,0.4532855948539618,0.1285714285714286,2,5,"wheat flour, sugar, salt, soy lecithin, flavor",1
0.5721806595863533,0.3964326974873576,0.5015607845716346,0.1125,3,4,"corn flour, peanut oil, whey milk powder, salt",2
0.48996914332794705,0.8679684467805968,0.5913527829635566,0.23333333333333336,2,3,"fish extract, sesame oil, nitrate preservative",2
0.4151723753807685,0.4626456786442834,0.4295829609035855,0.1285714285714286,2,5,"wheat flour, sugar, salt, soy lecithin, flavor",1
0.6697237286389952,0.44887745947743485,0.4217973331615712,0.23333333333333336,2,3,"fish extract, sesame oil, nitrate preservative",1
0.4807292729686777,0.1362646092228345,0.1480149663890562,0.31428571428571433,1,4,"unpasteurized cream, egg powder, sulfite, artificial flavor",2
0.8405614845029633,0.4136405617254293,0.7813689273198021,0.1285714285714286,2,5,"wheat flour, sugar, salt, soy lecithin, flavor",2
0.5531196689213036,0.5861740452831307,0.693040280873801,0.4142857142857143,1,4,"raw milk, sugar syrup, preservative benzoate, color",2
0.47817450567623476,0.5151585905947379,0.9358779600388233,0.1125,3,4,"corn flour, peanut oil, whey milk powder, salt",2
0.6971792977048618,0.6046715487995405,0.5239137580033152,0.09285714285714287,2,4,"almond paste, sugar, cocoa butter, milk solids",2
0.7293556023559229,0.6027786956023098,0.3473722443794646,0.10833333333333335,0,4,"rice flour, palm oil, salt, spice",0
0.5445139359578863,1.0,0.16140871230427795,0.31428571428571433,1,4,"unpasteurized cream, egg powder, sulfite, artificial flavor",1
0.44471923003431046,0.5762390978686792,1.0,0.1125,3,4,"corn flour, peanut oil, whey milk powder, salt",2
0.596847527312712,0.3805566084737277,0.6944923972068662,0.4142857142857143,1,4,"raw milk, sugar syrup, preservative benzoate, color",2
0.7177217352268807,0.2841621736399862,0.1024970695260704,0.31428571428571433,1,4,"unpasteurized cream, egg powder, sulfite, artificial flavor",1
0.8732884042977811,0.24403930190100043,0.27170892871244645,0.4142857142857143,1,4,"raw milk, sugar syrup, preservative benzoate, color",2
0.49445448898883887,0.24632240602647926,0.9487921152158312,0.23333333333333336,2,3,"fish extract, sesame oil, nitrate preservative",2
0.5623453463809145,0.6920618303933156,0.601717541347633,0.10833333333333335,0,4,"rice flour, palm oil, salt, spice",1
0.5413511008602048,0.5046155132916369,0.6647710896036836,0.23333333333333336,2,3,"fish extract, sesame oil, nitrate preservative",2
0.46334699025730003,0.5482501206486814,0.2448023232674868,0.09285714285714287,2,4,"almond paste, sugar, cocoa butter, milk solids",0
0.4426028863660276,0.355895356467149,0.40886345468593727,0.31428571428571433,1,4,"unpasteurized cream, egg powder, sulfite, artificial flavor",2
0.45906289884269247,0.37123690130961695,0.4135468498942009,0.1285714285714286,2,5,"wheat flour, sugar, salt, soy lecithin, flavor",2
0.6386777112498718,0.530062094022506,0.18473015060689063,0.31428571428571433,1,4,"unpasteurized cream, egg powder, sulfite, artificial flavor",0
0.8352332202610224,0.6561126246263296,0.3104434880366773,0.09285714285714287,2,4,"almond paste, sugar, cocoa butter, milk solids",0
0.45144776827727984,0.3728277567238583,0.6012662268675597,0.23333333333333336,2,3,"fish extract, sesame oil, nitrate preservative",2
0.8250647684130596,0.8118960680933445,0.6476985344885877,0.1125,3,4,"corn flour, peanut oil, whey milk powder, salt",1
0.7076023592153251,0.48023346109426845,0.8586607311602398,0.1285714285714286,2,5,"wheat flour, sugar, salt, soy lecithin, flavor",2
0.6228730792373116,0.8980532854721717,0.18457492655590718,0.1125,3,4,"corn flour, peanut oil, whey milk powder, salt",1
0.5664923146582552,0.2687702048368698,0.3345138590385277,0.4142857142857143,1,4,"raw milk, sugar syrup, preservative benzoate, color",2
0.4131072689376265,0.5837335332409401,0.7495277466364865,0.23333333333333336,2,3,"fish extract, sesame oil, nitrate preservative",2
0.5517413352556093,0.2893266780167969,0.41456143603073653,0.1285714285714286,2,5,"wheat flour, sugar, salt, soy lecithin, flavor",2
0.5523485245991511,0.42766239276365703,0.49062065295558466,0.4142857142857143,1,4,"raw milk, sugar syrup, preservative benzoate, color",2
0.5245674527137636,0.6560118391542259,0.29024155218671,0.08333333333333333,3,4,"wheat gluten, soybean oil, stabilizer, emulsifier",1
0.38964448435840837,0.695803450572508,0.4968582652726746,0.1125,3,4,"corn flour, peanut oil, whey milk powder, salt",1
0.6197098426009704,0.21297067508220113,0.6525396421242455,0.31428571428571433,1,4,"unpasteurized cream, egg powder, sulfite, artificial flavor",2
0.7928363119870692,0.33786149875363514,0.0554372299548882,0.1285714285714286,2,5,"wheat flour, sugar, salt, soy lecithin, flavor",0
0.38017345149053317,0.9151476173754189,0.4977307749583667,0.23333333333333336,2,3,"fish extract, sesame oil, nitrate preservative",2
0.5676598521094838,0.5434745954982184,0.7434386500903382,0.23333333333333336,2,3,"fish extract, sesame oil, nitrate preservative",2
0.4096799081742003,0.8745028276172835,0.4355805902230111,0.08333333333333333,3,4,"wheat gluten, soybean oil, stabilizer, emulsifier",1
0.7141919264090406,0.5702025279323767,0.5219836444524184,0.10833333333333335,0,4,"rice flour, palm oil, salt, spice",1
0.4964607887760991,0.4760839146339141,0.6018953916480014,0.1125,3,4,"corn flour, peanut oil, whey milk powder, salt",2
0.7708087489770166,0.5342051637965045,0.3890701880127958,0.08333333333333333,3,4,"wheat gluten, soybean oil, stabilizer, emulsifier",1
0.3553104446711052,0.5965436618158497,0.16071993678419827,0.08333333333333333,3,4,"wheat gluten, soybean oil, stabilizer, emulsifier",1
0.5603858201270486,0.5149766094656999,0.8541194145080007,0.08333333333333333,3,4,"wheat gluten, soybean oil, stabilizer, emulsifier",2
0.7158453682979629,1.0,0.5888922865864211,0.23333333333333336,2,3,"fish extract, sesame oil, nitrate preservative",1
0.6001184774801411,0.4234210709478151,0.377220860041045,0.1285714285714286,2,5,"wheat flour, sugar, salt, soy lecithin, flavor",2
0.7847081305389982,0.22062150359026722,0.3200027060619517,0.1125,3,4,"corn flour, peanut oil, whey milk powder, salt",1
0.8057536059310181,1.0,0.3975518748178145,0.31428571428571433,1,4,"unpasteurized cream, egg powder, sulfite, artificial flavor",0
0.7059426028147885,0.41355665620902815,0.46898839047208624,0.09285714285714287,2,4,"almond paste, sugar, cocoa butter, milk solids",1
0.6221819814272782,0.513527808139442,0.7796708310565179,0.23333333333333336,2,3,"fish extract, sesame oil, nitrate preservative",2
0.374145453903449,0.4983802254040954,0.039961774509941816,0.4142857142857143,1,4,"raw milk, sugar syrup, preservative benzoate, color",1
0.5554787208083406,0.7345016478996131,0.06728370480682949,0.10833333333333335,0,4,"rice flour, palm oil, salt, spice",0
0.5144077502901986,0.7411697165226413,0.648007808996657,0.1285714285714286,2,5,"wheat flour, sugar, salt, soy lecithin, flavor",2
0.533744320328418,0.8170161670601439,0.2702746468064581,0.1125,3,4,"corn flour, peanut oil, whey milk powder, salt",0
0.7354943828697009,0.24905185231823967,0.6260084382521707,0.1125,3,4,"corn flour, peanut oil, whey milk powder, salt",2
0.5893000863081199,0.5612097892591055,0.6120382984434793,0.09285714285714287,2,4,"almond paste, sugar, cocoa butter, milk solids",1
0.47288286465176016,0.644885887968684,0.49355668199125974,0.10833333333333335,0,4,"rice flour, palm oil, salt, spice",1
0.8870207114108993,0.4613963186520215,0.39615568507795657,0.1285714285714286,2,5,"wheat flour, sugar, salt, soy lecithin, flavor",0
0.5923764711317193,0.6813767022480784,0.683963585449791,0.08333333333333333,3,4,"wheat gluten, soybean oil, stabilizer, emulsifier",2
0.7316214723384435,0.7725900459384526,0.7165465842050636,0.10833333333333335,0,4,"rice flour, palm oil, salt, spice",1
0.5694552300180751,0.2845883915276984,0.6460181236107925,0.09285714285714287,2,4,"almond paste, sugar, cocoa butter, milk solids",2
0.830632264110547,0.9390944911729131,0.6363678756718373,0.1125,3,4,"corn flour, peanut oil, whey milk powder, salt",1
0.3507030381613656,0.6116193069028161,0.37844926148831004,0.08333333333333333,3,4,"wheat gluten, soybean oil, stabilizer, emulsifier",2
0.6849120459930242,0.5305338580922979,0.7057044419611687,0.31428571428571433,1,4,"unpasteurized cream, egg powder, sulfite, artificial flavor",1
0.6341988435284119,0.7904979558305124,0.9114106718603672,0.31428571428571433,1,4,"unpasteurized cream, egg powder, sulfite, artificial flavor",2
0.6304084792365736,0.5505725151854126,0.6164714415101054,0.4142857142857143,1,4,"raw milk, sugar syrup, preservative benzoate, color",2
0.4591756557568751,0.4469519511736202,0.25532636066324543,0.1125,3,4,"corn flour, peanut oil, whey milk powder, salt",2
0.5351484989835424,0.436663248632542,0.6111123961639178,0.1125,3,4,"corn flour, peanut oil, whey milk powder, salt",2
0.3965074806290671,0.2924630660448765,0.7099921902366233,0.1285714285714286,2,5,"wheat flour, sugar, salt, soy lecithin, flavor",2
0.8910436557757224,0.873846960678627,0.6623319699390602,0.1125,3,4,"corn flour, peanut oil, whey milk powder, salt",2
1.0,0.08312086742124586,0.3978461512622603,0.4142857142857143,1,4,"raw milk, sugar syrup, preservative benzoate, color",2
0.8231600955492662,0.5421291879379615,0.5289836492742714,0.1285714285714286,2,5,"wheat flour, sugar, salt, soy lecithin, flavor",1
0.505948027414549,0.44057800737046965,0.5596565853040908,0.08333333333333333,3,4,"wheat gluten, soybean oil, stabilizer, emulsifier",2
0.7175806664285082,0.7698832881939681,0.2516366416815403,0.31428571428571433,1,4,"unpasteurized cream, egg powder, sulfite, artificial flavor",0
0.5992465639862825,1.0,0.7785659311808055,0.23333333333333336,2,3,"fish extract, sesame oil, nitrate preservative",2
0.730965643339863,0.27632235185342774,0.801317691187613,0.08333333333333333,3,4,"wheat gluten, soybean oil, stabilizer, emulsifier",2
0.5836774479705851,0.5547569318867712,0.7517988306477369,0.09285714285714287,2,4,"almond paste, sugar, cocoa butter, milk solids",2
0.658131952722008,0.14126838276537423,0.43375720907018117,0.31428571428571433,1,4,"unpasteurized cream, egg powder, sulfite, artificial flavor",2
0.7042369026315729,0.7584712131450553,0.6364773003446224,0.1125,3,4,"corn flour, peanut oil, whey milk powder, salt",2
0.6716637018614982,0.46237590575746995,0.7104962793812716,0.4142857142857143,1,4,"raw milk, sugar syrup, preservative benzoate, color",2
0.9093920782999281,0.44383680891960475,0.8095678356577365,0.08333333333333333,3,4,"wheat gluten, soybean oil, stabilizer, emulsifier",2
0.6976396208147864,0.6022528775058384,0.5783100296553982,0.4142857142857143,1,4,"raw milk, sugar syrup, preservative benzoate, color",2
0.47371406864010157,0.4829857760074939,0.129708104851391,0.08333333333333333,3,4,"wheat gluten, soybean oil, stabilizer, emulsifier",1
0.560823530057574,0.6796090082962067,0.6846672777619804,0.10833333333333335,0,4,"rice flour, palm oil, salt, spice",1
0.583467346459486,0.6419489398897644,0.5114435440377119,0.1125,3,4,"corn flour, peanut oil, whey milk powder, salt",2
0.23117259656576455,0.7120652033537043,0.38184105368393273,0.10833333333333335,0,4,"rice flour, palm oil, salt, spice",0
0.5714677696980347,0.7961115951863403,0.22208442408120638,0.09285714285714287,2,4,"almond paste, sugar, cocoa butter, milk solids",1
0.615661953742635,0.30617351643047835,0.5091542767131231,0.09285714285714287,2,4,"almond paste, sugar, cocoa butter, milk solids",2
0.3318910975804043,1.0,0.39102582281588716,0.31428571428571433,1,4,"unpasteurized cream, egg powder, sulfite, artificial flavor",1
0.9265658790027244,0.7752873736008606,0.235740372934151,0.09285714285714287,2,4,"almond paste, sugar, cocoa butter, milk solids",0
0.26135295317070095,0.7303410162644713,0.14025860952329833,0.23333333333333336,2,3,"fish extract, sesame oil, nitrate preservative",1
0.6801011810053822,0.4978130753209362,0.834198408881234,0.09285714285714287,2,4,"almond paste, sugar, cocoa butter, milk solids",2
0.7160504557315576,0.30411981960306733,0.8738609374599886,0.4142857142857143,1,4,"raw milk, sugar syrup, preservative benzoate, color",2
0.9639951102466028,0.652531306472755,0.7270428814894726,0.23333333333333336,2,3,"fish extract, sesame oil, nitrate preservative",1
0.564899565211732,0.770433127983908,0.7033922590290986,0.10833333333333335,0,4,"rice flour, palm oil, salt, spice",1
0.14345420906379358,0.6325985680345507,0.08566775173009877,0.23333333333333336,2,3,"fish extract, sesame oil, nitrate preservative",2
0.8128904749291336,0.45512663711870033,0.6146807046998994,0.4142857142857143,1,4,"raw milk, sugar syrup, preservative benzoate, color",2
0.39349330381623304,0.6744985246479819,0.1389392493506284,0.10833333333333335,0,4,"rice flour, palm oil, salt, spice",0
0.5780529029999415,0.5077513440777441,0.5599063807213851,0.31428571428571433,1,4,"unpasteurized cream, egg powder, sulfite, artificial flavor",2
0.6289088980882995,0.5965763557032451,0.54339145302955,0.08333333333333333,3,4,"wheat gluten, soybean oil, stabilizer, emulsifier",2
0.7036831346072036,0.6384035799416559,0.6619165030704299,0.1285714285714286,2,5,"wheat flour, sugar, salt, soy lecithin, flavor",1
0.5863094258457401,0.5104652234636196,0.6275581656906057,0.1125,3,4,"corn flour, peanut oil, whey milk powder, salt",2
0.7047356882017579,0.30088094608774285,0.49763619451008717,0.4142857142857143,1,4,"raw milk, sugar syrup, preservative benzoate, color",2
0.2619086923746023,0.6196620197081759,0.17682013620263531,0.08333333333333333,3,4,"wheat gluten, soybean oil, stabilizer, emulsifier",1
0.7610869844608648,0.5954759977196835,0.13795475078065378,0.1285714285714286,2,5,"wheat flour, sugar, salt, soy lecithin, flavor",0
0.2949434700710652,0.5735326352267949,0.6232656355832227,0.1285714285714286,2,5,"wheat flour, sugar, salt, soy lecithin, flavor",2
0.7084728266783551,0.5476178298228364,0.4398541518750071,0.10833333333333335,0,4,"rice flour, palm oil, salt, spice",0
0.3621572906412893,0.3809668945746162,0.5195639114963692,0.09285714285714287,2,4,"almond paste, sugar, cocoa butter, milk solids",2
1.0,0.2808408804989985,0.47247828141700793,0.31428571428571433,1,4,"unpasteurized cream, egg powder, sulfite, artificial flavor",1
0.5375232272192667,0.7189760052466276,0.40107336137205735,0.08333333333333333,3,4,"wheat gluten, soybean oil, stabilizer, emulsifier",1
0.5225427667550004,0.26978965118855824,0.35653747820551634,0.09285714285714287,2,4,"almond paste, sugar, cocoa butter, milk solids",1
0.7006105117004685,0.5030806980577942,0.4445212219241037,0.1125,3,4,"corn flour, peanut oil, whey milk powder, salt",1
0.6971522131061432,0.41082042256999185,0.6643671124105506,0.08333333333333333,3,4,"wheat gluten, soybean oil, stabilizer, emulsifier",2
0.4158039694621394,0.5466602773827404,0.5767144395641004,0.31428571428571433,1,4,"unpasteurized cream, egg powder, sulfite, artificial flavor",2
0.49847308631172166,0.6627064421394828,0.609467220432723,0.1125,3,4,"corn flour, peanut oil, whey milk powder, salt",2
0.6821480733683014,0.3965345613117247,0.547155036581468,0.4142857142857143,1,4,"raw milk, sugar syrup, preservative benzoate, color",2
0.25998946313232024,0.5662163368823148,0.6131971555823802,0.31428571428571433,1,4,"unpasteurized cream, egg powder, sulfite, artificial flavor",2
0.2441065120890738,0.8054162124373275,0.5904249868593677,0.08333333333333333,3,4,"wheat gluten, soybean oil, stabilizer, emulsifier",2
0.45820265277151073,0.5962448418589041,0.6495525225256162,0.4142857142857143,1,4,"raw milk, sugar syrup, preservative benzoate, color",2
0.277301970761968,0.3415081977812426,0.04583991783474184,0.4142857142857143,1,4,"raw milk, sugar syrup, preservative benzoate, color",1
0.871453893217937,0.9615604469170805,0.5516099030106973,0.08333333333333333,3,4,"wheat gluten, soybean oil, stabilizer, emulsifier",1
0.6852011803499439,0.23740382967218354,0.3740501812841349,0.23333333333333336,2,3,"fish extract, sesame oil, nitrate preservative",2
0.41177218752089473,0.4001950201476915,0.5029026043159169,0.08333333333333333,3,4,"wheat gluten, soybean oil, stabilizer, emulsifier",2
0.6138535889853519,0.6715879067478879,0.9315194012280024,0.4142857142857143,1,4,"raw milk, sugar syrup, preservative benzoate, color",2
0.5925664832386986,0.8554904691959022,0.37918351117441906,0.10833333333333335,0,4,"rice flour, palm oil, salt, spice",0
0.7937115045158247,0.6222094270399371,0.47865655533960594,0.10833333333333335,0,4,"rice flour, palm oil, salt, spice",0
0.5894935358516928,0.7966309852632674,0.22849424206137126,0.1125,3,4,"corn flour, peanut oil, whey milk powder, salt",1
0.4744131772852058,0.5995846009038012,0.5975271530763216,0.23333333333333336,2,3,"fish extract, sesame oil, nitrate preservative",2
0.4241742425492775,0.22080326113326348,0.5577254560367603,0.1125,3,4,"corn flour, peanut oil, whey milk powder, salt",2
0.9392117452826902,0.948137958879208,0.2931756017723631,0.4142857142857143,1,4,"raw milk, sugar syrup, preservative benzoate, color",1
0.7567714531052672,0.7016708467088805,0.4220324522773511,0.10833333333333335,0,4,"rice flour, palm oil, salt, spice",1
0.623059102488379,0.24243330964457133,0.6418482933060575,0.10833333333333335,0,4,"rice flour, palm oil, salt, spice",2
0.6836601951780945,0.5970227399609237,0.5398060468660296,0.31428571428571433,1,4,"unpasteurized cream, egg powder, sulfite, artificial flavor",2
0.5641993433606881,0.25896051610940335,0.6251702334022655,0.08333333333333333,3,4,"wheat gluten, soybean oil, stabilizer, emulsifier",2
0.36163286831721486,0.34555133317148035,0.5623331234585226,0.10833333333333335,0,4,"rice flour, palm oil, salt, spice",2
0.5309419302505195,0.7838462449949529,0.40071495239465665,0.1125,3,4,"corn flour, peanut oil, whey milk powder, salt",1
0.7877384587188875,0.7090978516409072,0.7247852392833765,0.09285714285714287,2,4,"almond paste, sugar, cocoa butter, milk solids",0
0.7145520783770272,1.0,0.3278882732296575,0.1125,3,4,"corn flour, peanut oil, whey milk powder, salt",0
0.6012993222105317,0.4949255340485679,0.6438060763952607,0.4142857142857143,1,4,"raw milk, sugar syrup, preservative benzoate, color",2
0.5566725517537093,0.6545439639032256,0.4436076935476505,0.08333333333333333,3,4,"wheat gluten, soybean oil, stabilizer, emulsifier",1
0.7866842889615514,0.8019555713807145,0.7384725736498806,0.23333333333333336,2,3,"fish extract, sesame oil, nitrate preservative",2
0.5733229044492874,0.3984039974645903,0.47146049581767063,0.31428571428571433,1,4,"unpasteurized cream, egg powder, sulfite, artificial flavor",2
0.5962668260161916,0.34214487415368716,0.21824216392195667,0.4142857142857143,1,4,"raw milk, sugar syrup, preservative benzoate, color",2
0.6000596925461437,0.7409029693205671,0.701146907770506,0.1285714285714286,2,5,"wheat flour, sugar, salt, soy lecithin, flavor",2
0.6545159726102763,0.69480066170737,0.802079389173354,0.23333333333333336,2,3,"fish extract, sesame oil, nitrate preservative",2
0.5048640228929826,0.6892740143444176,0.36203889458393107,0.31428571428571433,1,4,"unpasteurized cream, egg powder, sulfite, artificial flavor",2
0.5886276309300423,0.5670497542718873,0.7474437237583818,0.23333333333333336,2,3,"fish extract, sesame oil, nitrate preservative",2
0.7618422271198402,0.2555458768332628,0.4372344042747391,0.08333333333333333,3,4,"wheat gluten, soybean oil, stabilizer, emulsifier",2
0.6118080267016669,0.8434667624154961,0.15329686119887798,0.09285714285714287,2,4,"almond paste, sugar, cocoa butter, milk solids",0
0.7558452986878994,0.5113499986336334,0.5880867680100593,0.1125,3,4,"corn flour, peanut oil, whey milk powder, salt",2
0.4535046229466856,0.4086303249901402,0.5417397594237,0.09285714285714287,2,4,"almond paste, sugar, cocoa butter, milk solids",2
0.5643694262516965,0.5011526736591123,0.5919510031094082,0.31428571428571433,1,4,"unpasteurized cream, egg powder, sulfite, artificial flavor",2
0.5017409549154853,0.7997131561514812,0.3813633540434196,0.23333333333333336,2,3,"fish extract, sesame oil, nitrate preservative",1
0.47154734216773886,0.65321521526781,0.5705324303980692,0.1285714285714286,2,5,"wheat flour, sugar, salt, soy lecithin, flavor",2
0.6991768114702206,0.9675428072590309,0.3354710579616798,0.4142857142857143,1,4,"raw milk, sugar syrup, preservative benzoate, color",0
0.47334266955031357,0.35513461267661783,0.5206053864818679,0.09285714285714287,2,4,"almond paste, sugar, cocoa butter, milk solids",2
0.8771386331345846,0.6508617003693209,0.9710798873998834,0.1125,3,4,"corn flour, peanut oil, whey milk powder, salt",2
0.7895720522198705,0.1822811216501875,0.3338993350060431,0.4142857142857143,1,4,"raw milk, sugar syrup, preservative benzoate, color",2
0.5815713335912195,0.5118094474256989,0.24022619277959867,0.09285714285714287,2,4,"almond paste, sugar, cocoa butter, milk solids",1
0.6035942249764834,0.3839548240717878,0.22554153866858728,0.4142857142857143,1,4,"raw milk, sugar syrup, preservative benzoate, color",1
0.6706200754345845,0.6187204524719421,0.3238884378689529,0.10833333333333335,0,4,"rice flour, palm oil, salt, spice",0
0.35133716633056045,0.37045852020494985,0.6515937453833623,0.09285714285714287,2,4,"almond paste, sugar, cocoa butter, milk solids",2
0.4221779183394344,0.5806343814519169,1.0,0.4142857142857143,1,4,"raw milk, sugar syrup, preservative benzoate, color",2
0.6645932765485743,0.19977682770288058,0.2530851184344376,0.4142857142857143,1,4,"raw milk, sugar syrup, preservative benzoate, color",1
0.911377301023792,0.8554772058311497,0.5864200757672802,0.4142857142857143,1,4,"raw milk, sugar syrup, preservative benzoate, color",2
0.5605260071548755,0.9084783756807786,0.5289115196030572,0.31428571428571433,1,4,"unpasteurized cream, egg powder, sulfite, artificial flavor",1
0.2835472811993496,0.8260611455461611,0.4845815637739156,0.08333333333333333,3,4,"wheat gluten, soybean oil, stabilizer, emulsifier",1
0.3700431568755365,0.5236512948576056,0.5456145733148201,0.31428571428571433,1,4,"unpasteurized cream, egg powder, sulfite, artificial flavor",2
0.7398683873676387,0.5657604480944883,0.7337087247598686,0.4142857142857143,1,4,"raw milk, sugar syrup, preservative benzoate, color",2
0.4983920297746876,0.3693340016488257,0.27421387897893335,0.1125,3,4,"corn flour, peanut oil, whey milk powder, salt",1
0.2904835036441589,0.6089125687655622,0.08083317069574247,0.1125,3,4,"corn flour, peanut oil, whey milk powder, salt",1
0.5313671866715832,0.6709080798264719,1.0,0.08333333333333333,3,4,"wheat gluten, soybean oil, stabilizer, emulsifier",2
0.5729428591032495,0.4052482650448916,0.30862852903662497,0.09285714285714287,2,4,"almond paste, sugar, cocoa butter, milk solids",1
0.5121499444385317,0.9998625396541712,0.5915154362968414,0.4142857142857143,1,4,"raw milk, sugar syrup, preservative benzoate, color",2
0.5339930672138861,0.38963060199200217,0.6760151036482771,0.31428571428571433,1,4,"unpasteurized cream, egg powder, sulfite, artificial flavor",2
0.4935216986251545,0.6865893586276651,0.77127326046101,0.09285714285714287,2,4,"almond paste, sugar, cocoa butter, milk solids",2
0.6953642735905554,0.533422092728396,0.6748176787090784,0.4142857142857143,1,4,"raw milk, sugar syrup, preservative benzoate, color",2
0.678594763983568,0.34886431657023004,0.4856325189235942,0.10833333333333335,0,4,"rice flour, palm oil, salt, spice",1
0.6446615206520934,0.7375583077050105,0.6830565414241809,0.23333333333333336,2,3,"fish extract, sesame oil, nitrate preservative",2
0.6193971759617377,0.4307579166650157,0.4567856371586424,0.08333333333333333,3,4,"wheat gluten, soybean oil, stabilizer, emulsifier",2
0.6327941461590373,0.6400490034075097,0.34479425721332035,0.09285714285714287,2,4,"almond paste, sugar, cocoa butter, milk solids",1
0.7381234598379153,0.5929782493506927,0.7275218210686896,0.1125,3,4,"corn flour, peanut oil, whey milk powder, salt",2
0.6509578054828731,0.5270775281999355,0.6968056178252473,0.1125,3,4,"corn flour, peanut oil, whey milk powder, salt",2
0.5904059382807177,0.20172858631237095,0.6820709601839534,0.08333333333333333,3,4,"wheat gluten, soybean oil, stabilizer, emulsifier",2
0.5151316161296837,0.5073440808640458,0.508643100745521,0.4142857142857143,1,4,"raw milk, sugar syrup, preservative benzoate, color",2
0.5892670261697255,0.46059380847457476,0.32989721931947164,0.4142857142857143,1,4,"raw milk, sugar syrup, preservative benzoate, color",2
0.22120697359199348,0.5088569681981034,0.3968421161854726,0.4142857142857143,1,4,"raw milk, sugar syrup, preservative benzoate, color",2
0.5100386385761513,0.5295280532020489,0.7354161942815011,0.23333333333333336,2,3,"fish extract, sesame oil, nitrate preservative",2
0.38697212204360487,0.4525046562558681,0.694931297585352,0.4142857142857143,1,4,"raw milk, sugar syrup, preservative benzoate, color",2
0.5983583185452703,0.47284338801584713,1.0,0.10833333333333335,0,4,"rice flour, palm oil, salt, spice",2
0.6809577286862035,0.3967397759561432,0.616104558239869,0.1285714285714286,2,5,"wheat flour, sugar, salt, soy lecithin, flavor",2
0.590153673260664,0.3709440460218254,0.24823116134902384,0.1285714285714286,2,5,"wheat flour, sugar, salt, soy lecithin, flavor",1
0.5002798297409433,0.06727753429838601,0.888378354428597,0.10833333333333335,0,4,"rice flour, palm oil, salt, spice",2
0.8953631709889767,0.521651581162472,0.46406594751559005,0.08333333333333333,3,4,"wheat gluten, soybean oil, stabilizer, emulsifier",1
0.305729934067038,0.5167227470807744,0.5798181502964769,0.10833333333333335,0,4,"rice flour, palm oil, salt, spice",2
0.6036464038824496,0.18255800093440655,0.6012367445530052,0.08333333333333333,3,4,"wheat gluten, soybean oil, stabilizer, emulsifier",2
0.9552589609529143,0.5514959292858095,0.2926127425278626,0.31428571428571433,1,4,"unpasteurized cream, egg powder, sulfite, artificial flavor",1
0.6782474163786716,0.5553784123450373,0.2228117257684184,0.08333333333333333,3,4,"wheat gluten, soybean oil, stabilizer, emulsifier",0
0.6473234764739428,0.8266229082138479,0.5174565344913782,0.4142857142857143,1,4,"raw milk, sugar syrup, preservative benzoate, color",2
0.6480225322430403,0.38710170242771835,0.5429677787100241,0.31428571428571433,1,4,"unpasteurized cream, egg powder, sulfite, artificial flavor",2
0.6953802989279845,0.6996490685657312,0.3982398268277983,0.31428571428571433,1,4,"unpasteurized cream, egg powder, sulfite, artificial flavor",1
0.5907591595433768,0.7835916632024718,0.0,0.08333333333333333,3,4,"wheat gluten, soybean oil, stabilizer, emulsifier",0
0.5856906523749262,0.27569977171117027,0.6477887876492423,0.23333333333333336,2,3,"fish extract, sesame oil, nitrate preservative",2
0.9327807433957278,0.7519947299078112,0.6263871266119255,0.09285714285714287,2,4,"almond paste, sugar, cocoa butter, milk solids",1
0.5703575959598383,0.9498754530740203,0.6764768789168526,0.08333333333333333,3,4,"wheat gluten, soybean oil, stabilizer, emulsifier",1
0.7020308403580685,0.5388261740243111,0.18563360327184314,0.09285714285714287,2,4,"almond paste, sugar, cocoa butter, milk solids",0
0.5515751111439262,0.656132985105494,0.5971828472077995,0.1125,3,4,"corn flour, peanut oil, whey milk powder, salt",2
0.5103770851257181,0.46342362536380577,0.3829002905432969,0.4142857142857143,1,4,"raw milk, sugar syrup, preservative benzoate, color",2
0.549496970150215,0.8244886361128505,0.8923666714411091,0.4142857142857143,1,4,"raw milk, sugar syrup, preservative benzoate, color",2
0.5570828649648961,0.7589019086542546,0.4247661825807689,0.23333333333333336,2,3,"fish extract, sesame oil, nitrate preservative",1
0.4940307408924657,0.4670372357267942,0.7853824799526228,0.23333333333333336,2,3,"fish extract, sesame oil, nitrate preservative",2
0.6889596214701292,0.4881538552099032,0.4141214152939634,0.4142857142857143,1,4,"raw milk, sugar syrup, preservative benzoate, color",2
0.7476766132798875,0.7493585371401739,0.4424615274973365,0.23333333333333336,2,3,"fish extract, sesame oil, nitrate preservative",1
0.5308862953313649,0.3230119932394466,0.32262036532553284,0.31428571428571433,1,4,"unpasteurized cream, egg powder, sulfite, artificial flavor",2
0.7191972850596542,0.8017954991144205,0.20166961407838346,0.08333333333333333,3,4,"wheat gluten, soybean oil, stabilizer, emulsifier",0
0.7430490658151958,0.4443778929223,0.4054588863115562,0.4142857142857143,1,4,"raw milk, sugar syrup, preservative benzoate, color",1
0.6870133168751866,0.5177201850806892,0.35611009230448876,0.1125,3,4,"corn flour, peanut oil, whey milk powder, salt",1
0.41912035650242824,0.3816680737792808,0.7754955384424367,0.1125,3,4,"corn flour, peanut oil, whey milk powder, salt",2
0.720555737408145,0.6303503820011374,0.49222639849533134,0.1285714285714286,2,5,"wheat flour, sugar, salt, soy lecithin, flavor",1
0.8092205822060079,0.7668376694032194,0.23919624059750955,0.09285714285714287,2,4,"almond paste, sugar, cocoa butter, milk solids",0
0.5355716542444239,0.3989940924910331,0.46274790671093585,0.4142857142857143,1,4,"raw milk, sugar syrup, preservative benzoate, color",2
0.5540304458662317,0.717533173375595,0.5307693277670756,0.1125,3,4,"corn flour, peanut oil, whey milk powder, salt",2
0.4725536490674712,0.632046968884324,0.4818460981205676,0.23333333333333336,2,3,"fish extract, sesame oil, nitrate preservative",1
0.5135504948476043,0.8684239295977589,0.19134220326596357,0.4142857142857143,1,4,"raw milk, sugar syrup, preservative benzoate, color",1
0.474004016800939,0.3549154959245323,0.3929060423131571,0.31428571428571433,1,4,"unpasteurized cream, egg powder, sulfite, artificial flavor",2
0.45749255301646274,0.18427431793251903,0.12130023980350901,0.08333333333333333,3,4,"wheat gluten, soybean oil, stabilizer, emulsifier",1
0.48593616285504115,0.505189858753103,0.00011956390411266282,0.31428571428571433,1,4,"unpasteurized cream, egg powder, sulfite, artificial flavor",1
0.5250100872050187,0.7555459550294216,0.857025074420123,0.10833333333333335,0,4,"rice flour, palm oil, salt, spice",1
0.45574930333695196,0.379153227805093,0.532058714055643,0.09285714285714287,2,4,"almond paste, sugar, cocoa butter, milk solids",2
0.6078340449034332,0.5253707421401577,0.850397021432211,0.09285714285714287,2,4,"almond paste, sugar, cocoa butter, milk solids",2
0.672054613169764,0.3998403453415902,0.19848954568803562,0.4142857142857143,1,4,"raw milk, sugar syrup, preservative benzoate, color",1
0.713943770691652,0.6049069674222101,0.2851978541592561,0.08333333333333333,3,4,"wheat gluten, soybean oil, stabilizer, emulsifier",1
0.35561521062351753,0.23658871006352378,0.3770448329660379,0.31428571428571433,1,4,"unpasteurized cream, egg powder, sulfite, artificial flavor",2
0.5187773529149021,0.4151601963604032,0.13912035107684845,0.1125,3,4,"corn flour, peanut oil, whey milk powder, salt",1
0.6291622953578615,0.7079112508393826,0.700355652931536,0.1125,3,4,"corn flour, peanut oil, whey milk powder, salt",2
0.4738850037876235,0.6574085066721371,0.3884089427993971,0.09285714285714287,2,4,"almond paste, sugar, cocoa butter, milk solids",1
0.6681302385513657,0.5637607251390129,0.674798737995058,0.1125,3,4,"corn flour, peanut oil, whey milk powder, salt",2
0.5513892587604539,0.26134732246533543,0.4104898067979648,0.1125,3,4,"corn flour, peanut oil, whey milk powder, salt",2
0.8357430816000049,0.5785067404582925,0.7264745067340532,0.09285714285714287,2,4,"almond paste, sugar, cocoa butter, milk solids",2
0.6240690253943721,0.6958852667864346,0.7625482918173678,0.09285714285714287,2,4,"almond paste, sugar, cocoa butter, milk solids",2
0.30344808410647006,0.20643954851561963,0.42818922577428487,0.23333333333333336,2,3,"fish extract, sesame oil, nitrate preservative",2
0.707447981651952,0.42286659810055105,0.25587752931806496,0.08333333333333333,3,4,"wheat gluten, soybean oil, stabilizer, emulsifier",1
0.39954531198281895,0.34635464727978954,0.3314918931941278,0.1125,3,4,"corn flour, peanut oil, whey milk powder, salt",2
0.8146810020148193,0.7589942597893404,0.5001702160316431,0.31428571428571433,1,4,"unpasteurized cream, egg powder, sulfite, artificial flavor",2
0.4792200694842551,0.18582679710760674,0.3523511642236882,0.08333333333333333,3,4,"wheat gluten, soybean oil, stabilizer, emulsifier",2
0.42731254873645996,0.4577780844840576,0.6364037871005872,0.08333333333333333,3,4,"wheat gluten, soybean oil, stabilizer, emulsifier",2
0.2894376346333758,0.2924530746198512,0.3258818230798032,0.09285714285714287,2,4,"almond paste, sugar, cocoa butter, milk solids",2
0.4696603398413479,0.6933466015410843,0.7104058585952332,0.1285714285714286,2,5,"wheat flour, sugar, salt, soy lecithin, flavor",2
0.4530805392083021,0.6040559134470787,0.4486809941404353,0.09285714285714287,2,4,"almond paste, sugar, cocoa butter, milk solids",1
0.766496984517976,0.5999760452653589,0.7278541940157186,0.10833333333333335,0,4,"rice flour, palm oil, salt, spice",2
0.6826165383959953,0.4487045770229696,0.7288717710883527,0.23333333333333336,2,3,"fish extract, sesame oil, nitrate preservative",2
0.6558185199290435,0.6895376078028168,0.563893256085127,0.31428571428571433,1,4,"unpasteurized cream, egg powder, sulfite, artificial flavor",2
0.553417521074238,0.6088487689317134,0.6146586653990481,0.31428571428571433,1,4,"unpasteurized cream, egg powder, sulfite, artificial flavor",2
0.5166799484234588,0.4846292006802034,0.2089538725613002,0.31428571428571433,1,4,"unpasteurized cream, egg powder, sulfite, artificial flavor",2
0.5025887495662472,0.7434880920275814,0.5608411886373574,0.10833333333333335,0,4,"rice flour, palm oil, salt, spice",1
0.45819620004719874,0.35629291990160505,0.8802623855370861,0.31428571428571433,1,4,"unpasteurized cream, egg powder, sulfite, artificial flavor",2
0.8025481943137771,0.8269813875290503,0.4096136753781729,0.1125,3,4,"corn flour, peanut oil, whey milk powder, salt",1
0.39170151545695997,0.5129040048191489,0.62925144985263,0.23333333333333336,2,3,"fish extract, sesame oil, nitrate preservative",2
0.541528224833065,0.5153266289228711,0.9645364528882228,0.31428571428571433,1,4,"unpasteurized cream, egg powder, sulfite, artificial flavor",2
0.5543989660946103,0.4218690182995133,0.43886734442562164,0.09285714285714287,2,4,"almond paste, sugar, cocoa butter, milk solids",2
0.7304142469237009,0.5872034244869506,0.740403089620458,0.31428571428571433,1,4,"unpasteurized cream, egg powder, sulfite, artificial flavor",2
0.5016853587935006,0.6488883098425754,0.6098241450104853,0.23333333333333336,2,3,"fish extract, sesame oil, nitrate preservative",2
0.31750099907023355,0.1454448757250889,0.5153682078246734,0.31428571428571433,1,4,"unpasteurized cream, egg powder, sulfite, artificial flavor",2
0.7882858198592453,0.5804436298592824,0.7968795752813775,0.1125,3,4,"corn flour, peanut oil, whey milk powder, salt",2
0.40805995706175274,0.6416562426580298,0.6474243528718623,0.4142857142857143,1,4,"raw milk, sugar syrup, preservative benzoate, color",2
0.6180532915751891,0.3498310729367631,0.746595285873449,0.1285714285714286,2,5,"wheat flour, sugar, salt, soy lecithin, flavor",2
0.9104281991687937,0.12516826649623286,0.5296550329119326,0.10833333333333335,0,4,"rice flour, palm oil, salt, spice",1
0.5713438315871335,0.46939285712719125,0.3495711187264978,0.23333333333333336,2,3,"fish extract, sesame oil, nitrate preservative",2
0.3668241118201613,0.5278062437339549,0.6135187322906062,0.23333333333333336,2,3,"fish extract, sesame oil, nitrate preservative",2
0.7854333717482702,0.6960513923233701,0.2709388223131769,0.10833333333333335,0,4,"rice flour, palm oil, salt, spice",0
0.4286536051211116,0.6590546330974432,0.56062603777176,0.1125,3,4,"corn flour, peanut oil, whey milk powder, salt",2
0.4335478372499807,0.7337692976828999,0.3782413270407439,0.1285714285714286,2,5,"wheat flour, sugar, salt, soy lecithin, flavor",1
0.32101352895923263,0.4360379151354402,0.722067190607133,0.10833333333333335,0,4,"rice flour, palm oil, salt, spice",2
0.1804164546861251,0.4381216680713628,0.4623019779068108,0.23333333333333336,2,3,"fish extract, sesame oil, nitrate preservative",2
0.38956868159739866,0.684198659089418,0.7325249918747346,0.1285714285714286,2,5,"wheat flour, sugar, salt, soy lecithin, flavor",2
0.6254931792861426,0.25370300656149414,0.39987729339050154,0.23333333333333336,2,3,"fish extract, sesame oil, nitrate preservative",2
0.6940778659555957,0.5186497421033515,0.5248759196040264,0.10833333333333335,0,4,"rice flour, palm oil, salt, spice",1
0.49984545347176157,0.8569441886559339,0.7895966042650254,0.4142857142857143,1,4,"raw milk, sugar syrup, preservative benzoate, color",2
0.44826722414773956,0.3459552186458814,0.4281471647487495,0.23333333333333336,2,3,"fish extract, sesame oil, nitrate preservative",2
0.6890447640381461,0.8074924527696945,0.626824310762793,0.4142857142857143,1,4,"raw milk, sugar syrup, preservative benzoate, color",2
0.45700738846791167,0.6099704688348158,0.46627318262560047,0.4142857142857143,1,4,"raw milk, sugar syrup, preservative benzoate, color",2
0.7965402952010392,0.3235753142140957,0.5487561685268486,0.4142857142857143,1,4,"raw milk, sugar syrup, preservative benzoate, color",2
0.5822456920916349,0.7228817705337489,0.7140876920712735,0.31428571428571433,1,4,"unpasteurized cream, egg powder, sulfite, artificial flavor",2
0.580196977663957,0.4994243061099233,0.11835389947317287,0.1125,3,4,"corn flour, peanut oil, whey milk powder, salt",1
0.5420582855185794,0.6511794120005822,0.6493792356633352,0.31428571428571433,1,4,"unpasteurized cream, egg powder, sulfite, artificial flavor",2
0.8784635832699889,0.6080871031367089,0.3722711538543265,0.09285714285714287,2,4,"almond paste, sugar, cocoa butter, milk solids",0
0.7955226428699109,0.7368628959468608,0.17746201230727848,0.08333333333333333,3,4,"wheat gluten, soybean oil, stabilizer, emulsifier",1
0.5725544551185144,0.31165551138265596,0.7318819008134037,0.4142857142857143,1,4,"raw milk, sugar syrup, preservative benzoate, color",2
0.33759629194600227,0.5035843849283246,1.0,0.10833333333333335,0,4,"rice flour, palm oil, salt, spice",2
0.4184706074448047,0.904419796685884,0.6865070877070913,0.09285714285714287,2,4,"almond paste, sugar, cocoa butter, milk solids",2
0.6446733511365884,0.8008038470665574,0.31336951429945964,0.1285714285714286,2,5,"wheat flour, sugar, salt, soy lecithin, flavor",1
0.8488404477375397,0.6137686080280911,0.36238741681803277,0.31428571428571433,1,4,"unpasteurized cream, egg powder, sulfite, artificial flavor",1
0.29824562355715667,0.08580625334594655,0.6828951014238231,0.1285714285714286,2,5,"wheat flour, sugar, salt, soy lecithin, flavor",2
0.7495704022859906,0.8294020770089199,0.6175873500620683,0.1125,3,4,"corn flour, peanut oil, whey milk powder, salt",2
0.69048404413031,0.6104426927159989,0.5528855409510118,0.1285714285714286,2,5,"wheat flour, sugar, salt, soy lecithin, flavor",1
0.15981611639724852,0.4327494285448444,0.5050446771248748,0.09285714285714287,2,4,"almond paste, sugar, cocoa butter, milk solids",2
0.5186839338468922,0.9178751132454458,0.7428852548719693,0.31428571428571433,1,4,"unpasteurized cream, egg powder, sulfite, artificial flavor",2
0.3701392892606681,0.6909987572012275,0.4450566609096953,0.1125,3,4,"corn flour, peanut oil, whey milk powder, salt",1
0.6181410465258105,0.6377957767203651,0.7118910140985116,0.4142857142857143,1,4,"raw milk, sugar syrup, preservative benzoate, color",2
0.957527642488115,0.5513172312199104,0.6583036029515457,0.09285714285714287,2,4,"almond paste, sugar, cocoa butter, milk solids",1
0.7241837372944498,0.25887420151918045,0.3983451399419006,0.31428571428571433,1,4,"unpasteurized cream, egg powder, sulfite, artificial flavor",1
0.8250846072415927,0.4275348221392605,0.6580163476042985,0.10833333333333335,0,4,"rice flour, palm oil, salt, spice",2
0.5950360835514026,0.7487534210112561,0.6168389107905086,0.08333333333333333,3,4,"wheat gluten, soybean oil, stabilizer, emulsifier",2
0.9311888561985335,0.4225462174982895,0.28897580196126355,0.1285714285714286,2,5,"wheat flour, sugar, salt, soy lecithin, flavor",0
0.7789970345525798,0.7758735246256706,0.38185187466653425,0.08333333333333333,3,4,"wheat gluten, soybean oil, stabilizer, emulsifier",0
0.6986137520052593,0.5366553722034334,0.5396765042861807,0.10833333333333335,0,4,"rice flour, palm oil, salt, spice",1
0.7825360424477577,0.6186383603509273,0.6290219639200365,0.23333333333333336,2,3,"fish extract, sesame oil, nitrate preservative",2
0.682542903872573,0.3643850743728436,0.5820738809825282,0.09285714285714287,2,4,"almond paste, sugar, cocoa butter, milk solids",2
0.8079254639150719,0.6332214296567427,0.28764488587906206,0.08333333333333333,3,4,"wheat gluten, soybean oil, stabilizer, emulsifier",0
0.6341035034645744,0.5255527797384814,0.25277894556119895,0.08333333333333333,3,4,"wheat gluten, soybean oil, stabilizer, emulsifier",1
0.22226608051679697,0.0,0.47100799894991646,0.10833333333333335,0,4,"rice flour, palm oil, salt, spice",2
0.42391834581786514,0.5799806594781222,0.17779250778896355,0.09285714285714287,2,4,"almond paste, sugar, cocoa butter, milk solids",0
0.3844549324265316,0.5049002631116334,0.45985888575336525,0.23333333333333336,2,3,"fish extract, sesame oil, nitrate preservative",2
0.5393614337888715,0.5572403941325257,0.25936124852815395,0.4142857142857143,1,4,"raw milk, sugar syrup, preservative benzoate, color",1
0.33018497771130423,0.6798495602256456,0.42566027342058643,0.09285714285714287,2,4,"almond paste, sugar, cocoa butter, milk solids",1
0.37521216027850496,0.8820757637945944,0.37265922125089823,0.1285714285714286,2,5,"wheat flour, sugar, salt, soy lecithin, flavor",1
0.7960133449292977,0.3590143094885918,0.5167303658620357,0.08333333333333333,3,4,"wheat gluten, soybean oil, stabilizer, emulsifier",2
0.6649981366757672,0.2840741212881693,0.6218879683371954,0.4142857142857143,1,4,"raw milk, sugar syrup, preservative benzoate, color",2
0.6629012201911453,0.7339977691102929,0.6471378716540201,0.4142857142857143,1,4,"raw milk, sugar syrup, preservative benzoate, color",2
0.7239139896999813,0.8491002322767853,0.49250884611819035,0.08333333333333333,3,4,"wheat gluten, soybean oil, stabilizer, emulsifier",1
0.7677720256157001,0.45192247804729746,0.20624115601084314,0.09285714285714287,2,4,"almond paste, sugar, cocoa butter, milk solids",1
0.3826450658878138,0.6501083858759675,0.8148492633064346,0.31428571428571433,1,4,"unpasteurized cream, egg powder, sulfite, artificial flavor",2
0.7840184991389666,0.042586496850863687,0.411936941360067,0.1125,3,4,"corn flour, peanut oil, whey milk powder, salt",2
0.6161889112477785,0.7025732401547111,0.12237582690665649,0.1125,3,4,"corn flour, peanut oil, whey milk powder, salt",0
0.6115583529530355,0.922464194649748,0.22813701718047885,0.09285714285714287,2,4,"almond paste, sugar, cocoa butter, milk solids",0
0.4138058753355517,0.7754805454129157,0.5058633304401798,0.31428571428571433,1,4,"unpasteurized cream, egg powder, sulfite, artificial flavor",2
0.5067877377943436,0.43735458461092086,0.3957633009703073,0.10833333333333335,0,4,"rice flour, palm oil, salt, spice",0
0.535342795502614,0.39844065871933154,0.5341101763870945,0.1125,3,4,"corn flour, peanut oil, whey milk powder, salt",2
0.49980350142749264,0.5211731698467491,0.9748972199181885,0.10833333333333335,0,4,"rice flour, palm oil, salt, spice",2
0.43539943801405945,0.33811934460160076,0.7325518667938926,0.1285714285714286,2,5,"wheat flour, sugar, salt, soy lecithin, flavor",2
0.6431413638473339,0.9493934666561767,0.49769774525169824,0.09285714285714287,2,4,"almond paste, sugar, cocoa butter, milk solids",1
0.4941208766947291,0.7618323463483718,0.31306582199795907,0.08333333333333333,3,4,"wheat gluten, soybean oil, stabilizer, emulsifier",2
0.49425882626235845,0.4544064558927811,0.26053267880210584,0.23333333333333336,2,3,"fish extract, sesame oil, nitrate preservative",1
0.16235725957608987,0.5033335317648807,0.3882456678068663,0.23333333333333336,2,3,"fish extract, sesame oil, nitrate preservative",2
0.6761365329042286,0.4084725137801407,0.39911883292630046,0.1125,3,4,"corn flour, peanut oil, whey milk powder, salt",1
0.4519851575178404,0.4060478670098692,0.2517114866442268,0.23333333333333336,2,3,"fish extract, sesame oil, nitrate preservative",1
0.655260652252589,0.590580666214642,0.7822076076237774,0.09285714285714287,2,4,"almond paste, sugar, cocoa butter, milk solids",2
0.5867029018426028,0.4978940872407586,0.21395020407066095,0.1285714285714286,2,5,"wheat flour, sugar, salt, soy lecithin, flavor",1
0.6213361634603409,0.6802532610021368,0.24939267176755203,0.10833333333333335,0,4,"rice flour, palm oil, salt, spice",0
0.6250263071808636,0.41334681836189524,0.7616514226817477,0.08333333333333333,3,4,"wheat gluten, soybean oil, stabilizer, emulsifier",2
0.4001380752664292,0.6940887959185916,0.0,0.23333333333333336,2,3,"fish extract, sesame oil, nitrate preservative",1
0.5055058773781336,0.28739506764914996,0.4525654711111329,0.4142857142857143,1,4,"raw milk, sugar syrup, preservative benzoate, color",2
0.26568361252913586,0.4781040620968723,0.38705887086046753,0.1285714285714286,2,5,"wheat flour, sugar, salt, soy lecithin, flavor",2
0.3881009196107839,0.4557411241939201,0.842342932444817,0.1125,3,4,"corn flour, peanut oil, whey milk powder, salt",2
0.43471797676702406,0.49658589232338224,0.44827598735020746,0.08333333333333333,3,4,"wheat gluten, soybean oil, stabilizer, emulsifier",2
0.47802809122980566,0.827839861173075,0.41614821284654147,0.1125,3,4,"corn flour, peanut oil, whey milk powder, salt",1
0.6252946164336433,0.9936282789424252,0.5019524497117315,0.1285714285714286,2,5,"wheat flour, sugar, salt, soy lecithin, flavor",1
0.5533081331095515,0.5525105446220571,0.3296907527931354,0.1285714285714286,2,5,"wheat flour, sugar, salt, soy lecithin, flavor",1
0.7598491684463885,0.3899270877816233,0.5000195868120004,0.1285714285714286,2,5,"wheat flour, sugar, salt, soy lecithin, flavor",2
0.7971744826706921,0.5645766959422646,0.46367303606535626,0.1125,3,4,"corn flour, peanut oil, whey milk powder, salt",1
0.5327497604375747,0.6243184832290607,0.8839759041365429,0.09285714285714287,2,4,"almond paste, sugar, cocoa butter, milk solids",2
0.38236117674805103,0.5246355008694091,0.76856421731235,0.08333333333333333,3,4,"wheat gluten, soybean oil, stabilizer, emulsifier",2
0.7737400732151585,0.6966635729200666,0.5604392026589604,0.08333333333333333,3,4,"wheat gluten, soybean oil, stabilizer, emulsifier",1
0.9195682729385964,0.6763725035448062,0.5749355474285988,0.31428571428571433,1,4,"unpasteurized cream, egg powder, sulfite, artificial flavor",1
0.6068168933261959,0.5829434539940066,0.587972650641386,0.1125,3,4,"corn flour, peanut oil, whey milk powder, salt",2
0.3360125462123392,0.5668561702546996,0.11561218578855242,0.09285714285714287,2,4,"almond paste, sugar, cocoa butter, milk solids",1
0.5083458305798827,0.6483496384403339,0.936171347806988,0.23333333333333336,2,3,"fish extract, sesame oil, nitrate preservative",2
0.5580464713585753,0.6195617364345161,0.18873692532278236,0.4142857142857143,1,4,"raw milk, sugar syrup, preservative benzoate, color",2
0.6074650565433103,0.5377065177623427,0.0737752747213502,0.1285714285714286,2,5,"wheat flour, sugar, salt, soy lecithin, flavor",0
0.557469845613026,0.7848398691288302,0.7492369378160997,0.10833333333333335,0,4,"rice flour, palm oil, salt, spice",1
0.8871204945835307,0.5590589928650165,0.5109439551733227,0.1125,3,4,"corn flour, peanut oil, whey milk powder, salt",1
0.1265759958014685,0.5128987203620559,0.19993177623426006,0.09285714285714287,2,4,"almond paste, sugar, cocoa butter, milk solids",2
0.8854949385098161,0.7203876664911176,0.44753716378544456,0.09285714285714287,2,4,"almond paste, sugar, cocoa butter, milk solids",0
0.9496755431566859,0.41156052269600796,0.0,0.4142857142857143,1,4,"raw milk, sugar syrup, preservative benzoate, color",1
0.8700905604512208,0.8818431374333044,0.7284365609348522,0.23333333333333336,2,3,"fish extract, sesame oil, nitrate preservative",2
0.2262667877715006,0.5555762083000028,0.6367460099322717,0.1285714285714286,2,5,"wheat flour, sugar, salt, soy lecithin, flavor",2
0.5674494986268692,0.35717639219633557,0.2796174764801543,0.09285714285714287,2,4,"almond paste, sugar, cocoa butter, milk solids",2
0.5995235163757013,0.6063047210185855,0.2842112274518559,0.09285714285714287,2,4,"almond paste, sugar, cocoa butter, milk solids",1
0.9167368508905559,0.24415384401106133,0.6020543259345267,0.31428571428571433,1,4,"unpasteurized cream, egg powder, sulfite, artificial flavor",2
0.8957071802127244,0.9572036424342305,0.4486335908680143,0.09285714285714287,2,4,"almond paste, sugar, cocoa butter, milk solids",0
0.6151620670306907,0.42357694141206087,0.5595791145138233,0.4142857142857143,1,4,"raw milk, sugar syrup, preservative benzoate, color",2
0.44138738229249885,0.45728787202886456,0.39970036756157534,0.10833333333333335,0,4,"rice flour, palm oil, salt, spice",1
0.6564371246890204,0.6336224192586155,0.7154938721951831,0.4142857142857143,1,4,"raw milk, sugar syrup, preservative benzoate, color",2
0.8798225013476229,0.5171008271854161,0.5066288264353594,0.10833333333333335,0,4,"rice flour, palm oil, salt, spice",0
0.8039455473698958,0.7843617361430059,0.7449057821295465,0.1285714285714286,2,5,"wheat flour, sugar, salt, soy lecithin, flavor",2
0.9465383539966657,0.7212617953911035,0.39953502409367425,0.23333333333333336,2,3,"fish extract, sesame oil, nitrate preservative",1
0.5035903952533629,0.8321406806377314,0.825222609664588,0.1285714285714286,2,5,"wheat flour, sugar, salt, soy lecithin, flavor",2
0.7407943267130391,1.0,0.33669375412055147,0.09285714285714287,2,4,"almond paste, sugar, cocoa butter, milk solids",1
0.6031222832460398,0.30172716328388616,0.4736028226364568,0.4142857142857143,1,4,"raw milk, sugar syrup, preservative benzoate, color",2
0.6561912513932753,0.7415618510997164,0.5524041438936428,0.31428571428571433,1,4,"unpasteurized cream, egg powder, sulfite, artificial flavor",1
0.5732750276867461,0.5490913286413098,0.5478107580458307,0.08333333333333333,3,4,"wheat gluten, soybean oil, stabilizer, emulsifier",2
0.3475146068466521,0.43753578560226175,0.53652463119726,0.08333333333333333,3,4,"wheat gluten, soybean oil, stabilizer, emulsifier",2
0.8336123594765792,0.9049370683174911,0.5287351674674471,0.31428571428571433,1,4,"unpasteurized cream, egg powder, sulfite, artificial flavor",1
0.6773786831690669,0.3349471797078277,0.486241376933955,0.09285714285714287,2,4,"almond paste, sugar, cocoa butter, milk solids",2
0.6546397625142774,0.3772373561639343,0.5897135813107391,0.4142857142857143,1,4,"raw milk, sugar syrup, preservative benzoate, color",2
0.9785651160102902,0.7633624052533506,0.5760180574990639,0.31428571428571433,1,4,"unpasteurized cream, egg powder, sulfite, artificial flavor",1
0.5440578930650041,0.8584963733688302,0.5674470582862049,0.09285714285714287,2,4,"almond paste, sugar, cocoa butter, milk solids",0
0.6329512242550113,0.6186738011469635,0.7390728589556552,0.1125,3,4,"corn flour, peanut oil, whey milk powder, salt",2
0.7344435511890257,0.4652553065270151,0.22944502872739497,0.31428571428571433,1,4,"unpasteurized cream, egg powder, sulfite, artificial flavor",1
0.4833955394910388,0.40439520103604476,0.7686242372835863,0.1285714285714286,2,5,"wheat flour, sugar, salt, soy lecithin, flavor",2
0.5260992155098076,0.47537114541075165,0.4857041841820946,0.23333333333333336,2,3,"fish extract, sesame oil, nitrate preservative",2
0.6414662434451499,0.5946475872349659,0.7547584715675092,0.23333333333333336,2,3,"fish extract, sesame oil, nitrate preservative",2
0.8722470203995925,0.732930476814787,0.46727839003121435,0.4142857142857143,1,4,"raw milk, sugar syrup, preservative benzoate, color",1
0.7054041785591216,0.7143875596491336,0.637078861373487,0.31428571428571433,1,4,"unpasteurized cream, egg powder, sulfite, artificial flavor",2
0.741635203171607,0.8021745010167005,0.6936352844948591,0.23333333333333336,2,3,"fish extract, sesame oil, nitrate preservative",2
0.4456378627101406,0.41375647528156373,0.5565565437084846,0.10833333333333335,0,4,"rice flour, palm oil, salt, spice",2
0.3453841827700746,0.4492009783272899,0.5535228023671867,0.08333333333333333,3,4,"wheat gluten, soybean oil, stabilizer, emulsifier",2
0.5446629076350181,0.4053159456661487,0.5117051951387575,0.31428571428571433,1,4,"unpasteurized cream, egg powder, sulfite, artificial flavor",2
0.44726479543141295,0.5014775240371905,0.6028892430075637,0.31428571428571433,1,4,"unpasteurized cream, egg powder, sulfite, artificial flavor",2
0.3234167077758442,0.4663898271886061,0.20994797921286956,0.31428571428571433,1,4,"unpasteurized cream, egg powder, sulfite, artificial flavor",2
0.8996897132110822,0.2742803224622637,0.4378269326749058,0.31428571428571433,1,4,"unpasteurized cream, egg powder, sulfite, artificial flavor",2
0.5338098082543921,0.5186234730961524,0.5944597518465211,0.08333333333333333,3,4,"wheat gluten, soybean oil, stabilizer, emulsifier",2
0.5044463506540963,0.3984779434223435,0.19666207878834996,0.09285714285714287,2,4,"almond paste, sugar, cocoa butter, milk solids",1
0.516519127532077,0.3682633117779296,0.7363071722515033,0.1285714285714286,2,5,"wheat flour, sugar, salt, soy lecithin, flavor",2
0.6714474590410109,0.22918159966228746,0.528931529979626,0.4142857142857143,1,4,"raw milk, sugar syrup, preservative benzoate, color",2
0.9980164633661203,0.7364348754481768,0.4717492317771125,0.31428571428571433,1,4,"unpasteurized cream, egg powder, sulfite, artificial flavor",2
0.43526855573280276,0.7830432764150723,0.16281161949363482,0.08333333333333333,3,4,"wheat gluten, soybean oil, stabilizer, emulsifier",1
0.6463096647163574,0.5611940507157513,0.432313744179612,0.10833333333333335,0,4,"rice flour, palm oil, salt, spice",1
0.49792218485949774,0.6153703495614649,0.6805220868596945,0.1285714285714286,2,5,"wheat flour, sugar, salt, soy lecithin, flavor",2
0.60969497411685,0.6760306838856638,0.8126723085027373,0.31428571428571433,1,4,"unpasteurized cream, egg powder, sulfite, artificial flavor",2
0.5430352123230209,0.3754807939572673,0.5725965002789473,0.4142857142857143,1,4,"raw milk, sugar syrup, preservative benzoate, color",2
0.5831000689400685,0.6603256124180679,0.37597927830056255,0.31428571428571433,1,4,"unpasteurized cream, egg powder, sulfite, artificial flavor",1
0.6777103535041386,0.0,0.3671908017944292,0.09285714285714287,2,4,"almond paste, sugar, cocoa butter, milk solids",1
0.5206321027422786,0.4378567769465539,0.48930305324427975,0.09285714285714287,2,4,"almond paste, sugar, cocoa butter, milk solids",1
0.5275233315323637,0.5694220820846326,0.407151104408621,0.4142857142857143,1,4,"raw milk, sugar syrup, preservative benzoate, color",2
0.3923189267063044,0.5621273795180561,0.5674521121528809,0.09285714285714287,2,4,"almond paste, sugar, cocoa butter, milk solids",1
0.7367894547685525,0.7028095279649496,0.7144316104212971,0.10833333333333335,0,4,"rice flour, palm oil, salt, spice",1
0.9933046520240979,0.4896956798245414,0.2699478698042975,0.09285714285714287,2,4,"almond paste, sugar, cocoa butter, milk solids",0
0.9160213074418169,0.9037574517397315,0.2965880567744693,0.4142857142857143,1,4,"raw milk, sugar syrup, preservative benzoate, color",0
